date,meeting_number,meeting_venue,race_number,race_name,actual_top3,model,pred_top3,code_pos1,code_pos2,code_pos3,greens,yellows,reds,placed_hits,exact_hits,model_error
2025-08-12,26,Bairnsdale,1,BAIRNSDALE MAIDEN PLATE,"3,8,5",gbm_rank,"2,5,12",R,Y,R,0,1,2,1,0,
2025-08-12,26,Bairnsdale,1,BAIRNSDALE MAIDEN PLATE,"3,8,5",gbm_reg,"8,3,11",Y,Y,R,0,2,1,2,0,
2025-08-12,26,Bairnsdale,1,BAIRNSDALE MAIDEN PLATE,"3,8,5",nn,"8,15,11",Y,R,R,0,1,2,1,0,
2025-08-12,26,Bairnsdale,2,FOUR'N TWENTY MDN PLATE,"13,2,3",gbm_rank,"18,17,9",R,R,R,0,0,3,0,0,
2025-08-12,26,Bairnsdale,2,FOUR'N TWENTY MDN PLATE,"13,2,3",gbm_reg,"13,2,9",G,G,R,2,0,1,2,2,
2025-08-12,26,Bairnsdale,2,FOUR'N TWENTY MDN PLATE,"13,2,3",nn,"13,1,20",G,R,R,1,0,2,1,1,
2025-08-12,26,Bairnsdale,3,HYGAIN TRACKTORQUE MDN PLATE,"13,3,4",gbm_rank,"8,14,15",R,R,R,0,0,3,0,0,
2025-08-12,26,Bairnsdale,3,HYGAIN TRACKTORQUE MDN PLATE,"13,3,4",gbm_reg,"2,4,13",R,Y,Y,0,2,1,2,0,
2025-08-12,26,Bairnsdale,3,HYGAIN TRACKTORQUE MDN PLATE,"13,3,4",nn,"2,14,8",R,R,R,0,0,3,0,0,
2025-08-12,26,Bairnsdale,4,TAMBO WASTE MDN PLATE,"11,3,7",gbm_rank,"1,8,9",R,R,R,0,0,3,0,0,
2025-08-12,26,Bairnsdale,4,TAMBO WASTE MDN PLATE,"11,3,7",gbm_reg,"9,1,8",R,R,R,0,0,3,0,0,
2025-08-12,26,Bairnsdale,4,TAMBO WASTE MDN PLATE,"11,3,7",nn,"10,11,6",R,Y,R,0,1,2,1,0,
2025-08-12,26,Bairnsdale,5,GIPPSLAND GRAIN STORE HANDICAP (BM58),"3,4,7",gbm_rank,"5,4,11",R,G,R,1,0,2,1,1,
2025-08-12,26,Bairnsdale,5,GIPPSLAND GRAIN STORE HANDICAP (BM58),"3,4,7",gbm_reg,"3,6,9",G,R,R,1,0,2,1,1,
2025-08-12,26,Bairnsdale,5,GIPPSLAND GRAIN STORE HANDICAP (BM58),"3,4,7",nn,"9,4,5",R,G,R,1,0,2,1,1,
2025-08-12,26,Bairnsdale,6,OâDONNELLâS TRANSPORT CUP 7TH SEPTEMBER HCP,"11,6,10",gbm_rank,"4,13,11",R,R,Y,0,1,2,1,0,
2025-08-12,26,Bairnsdale,6,OâDONNELLâS TRANSPORT CUP 7TH SEPTEMBER HCP,"11,6,10",gbm_reg,"6,4,12",Y,R,R,0,1,2,1,0,
2025-08-12,26,Bairnsdale,6,OâDONNELLâS TRANSPORT CUP 7TH SEPTEMBER HCP,"11,6,10",nn,"10,9,3",Y,R,R,0,1,2,1,0,
2025-08-12,26,Bairnsdale,7,DYSON GROUP HANDICAP (BM58),"11,5,6",gbm_rank,"5,3,14",Y,R,R,0,1,2,1,0,
2025-08-12,26,Bairnsdale,7,DYSON GROUP HANDICAP (BM58),"11,5,6",gbm_reg,"15,3,5",R,R,Y,0,1,2,1,0,
2025-08-12,26,Bairnsdale,7,DYSON GROUP HANDICAP (BM58),"11,5,6",nn,"9,7,11",R,R,Y,0,1,2,1,0,
2025-08-12,26,Bairnsdale,8,TAC HANDICAP (BM58),"4,2,8",gbm_rank,"9,14,16",R,R,R,0,0,3,0,0,
2025-08-12,26,Bairnsdale,8,TAC HANDICAP (BM58),"4,2,8",gbm_reg,"9,6,3",R,R,R,0,0,3,0,0,
2025-08-12,26,Bairnsdale,8,TAC HANDICAP (BM58),"4,2,8",nn,"1,11,12",R,R,R,0,0,3,0,0,
2025-08-12,26,Bairnsdale,9,MELBOURNE CUP PARTY TICKETS ON SALE NOW HCP,"7,4,1",gbm_rank,"6,10,12",R,R,R,0,0,3,0,0,
2025-08-12,26,Bairnsdale,9,MELBOURNE CUP PARTY TICKETS ON SALE NOW HCP,"7,4,1",gbm_reg,"14,13,3",R,R,R,0,0,3,0,0,
2025-08-12,26,Bairnsdale,9,MELBOURNE CUP PARTY TICKETS ON SALE NOW HCP,"7,4,1",nn,"7,3,1",G,R,G,2,0,1,2,2,
2025-08-12,26,Bairnsdale,10,GBM CONTRACTORS HANDICAP (BM58),"11,14,16",gbm_rank,"7,6,1",R,R,R,0,0,3,0,0,
2025-08-12,26,Bairnsdale,10,GBM CONTRACTORS HANDICAP (BM58),"11,14,16",gbm_reg,"7,16,1",R,Y,R,0,1,2,1,0,
2025-08-12,26,Bairnsdale,10,GBM CONTRACTORS HANDICAP (BM58),"11,14,16",nn,"2,9,6",R,R,R,0,0,3,0,0,
2025-08-12,27,Broome,1,PLATINUM LOGISTICS HCP (C2),"2,6,8",gbm_rank,"2,3,1",G,R,R,1,0,2,1,1,
2025-08-12,27,Broome,1,PLATINUM LOGISTICS HCP (C2),"2,6,8",gbm_reg,"1,3,4",R,R,R,0,0,3,0,0,
2025-08-12,27,Broome,1,PLATINUM LOGISTICS HCP (C2),"2,6,8",nn,"1,4,2",R,R,Y,0,1,2,1,0,
2025-08-12,27,Broome,2,YOUGAWALLA PASTORAL HANDICAP,"6,4",gbm_rank,"1,3,4",R,R,Y,0,1,2,1,0,
2025-08-12,27,Broome,2,YOUGAWALLA PASTORAL HANDICAP,"6,4",gbm_reg,"1,4,8",R,G,G,2,0,1,2,2,
2025-08-12,27,Broome,2,YOUGAWALLA PASTORAL HANDICAP,"6,4",nn,"4,7,1",Y,R,R,0,1,2,1,0,
2025-08-12,27,Broome,3,KIMBERLEY QUARRIES HCP (C2),"1,4,9",gbm_rank,"8,6,1",R,R,Y,0,1,2,1,0,
2025-08-12,27,Broome,3,KIMBERLEY QUARRIES HCP (C2),"1,4,9",gbm_reg,"3,1,4",R,Y,Y,0,2,1,2,0,
2025-08-12,27,Broome,3,KIMBERLEY QUARRIES HCP (C2),"1,4,9",nn,"1,3,4",G,R,Y,1,1,1,2,1,
2025-08-12,27,Broome,4,CHAFF CITY HANDICAP,"9,2,4",gbm_rank,"4,5,6",Y,R,R,0,1,2,1,0,
2025-08-12,27,Broome,4,CHAFF CITY HANDICAP,"9,2,4",gbm_reg,"4,5,9",Y,R,Y,0,2,1,2,0,
2025-08-12,27,Broome,4,CHAFF CITY HANDICAP,"9,2,4",nn,"9,4,8",G,Y,R,1,1,1,2,1,
2025-08-12,27,Broome,5,TABTOUCH BROOME SPRINT,"4,11,9",gbm_rank,"9,8,5",Y,R,R,0,1,2,1,0,
2025-08-12,27,Broome,5,TABTOUCH BROOME SPRINT,"4,11,9",gbm_reg,"4,3,5",G,R,R,1,0,2,1,1,
2025-08-12,27,Broome,5,TABTOUCH BROOME SPRINT,"4,11,9",nn,"1,5,10",R,R,R,0,0,3,0,0,
2025-08-12,27,Broome,6,ALLURE PEARLS HANDICAP,"2,4,8",gbm_rank,"8,9,2",Y,R,Y,0,2,1,2,0,
2025-08-12,27,Broome,6,ALLURE PEARLS HANDICAP,"2,4,8",gbm_reg,"8,2,6",Y,Y,R,0,2,1,2,0,
2025-08-12,27,Broome,6,ALLURE PEARLS HANDICAP,"2,4,8",nn,"6,8,10",R,Y,R,0,1,2,1,0,
2025-08-12,28,Muswellbrook,1,STAR TURN @ VINERY STUD HANDICAP,"2,5",gbm_rank,"2,6,4",G,Y,R,1,1,1,2,1,
2025-08-12,28,Muswellbrook,1,STAR TURN @ VINERY STUD HANDICAP,"2,5",gbm_reg,"1,5,6",R,G,G,2,0,1,2,2,
2025-08-12,28,Muswellbrook,1,STAR TURN @ VINERY STUD HANDICAP,"2,5",nn,"1,2,6",R,Y,G,1,1,1,2,1,
2025-08-12,28,Muswellbrook,2,DENBROOK THOROUGHBREDS MDN PLATE,"2,8",gbm_rank,"1,8,6",R,G,R,1,0,2,1,1,
2025-08-12,28,Muswellbrook,2,DENBROOK THOROUGHBREDS MDN PLATE,"2,8",gbm_reg,"8,2,5",Y,Y,R,0,2,1,2,0,
2025-08-12,28,Muswellbrook,2,DENBROOK THOROUGHBREDS MDN PLATE,"2,8",nn,"10,1,5",R,R,R,0,0,3,0,0,
2025-08-12,28,Muswellbrook,3,HOLLYDENE ESTATE WINES COUNTRY BOOSTED MDN HCP,"7,8,2",gbm_rank,"10,9,8",R,R,Y,0,1,2,1,0,
2025-08-12,28,Muswellbrook,3,HOLLYDENE ESTATE WINES COUNTRY BOOSTED MDN HCP,"7,8,2",gbm_reg,"2,5,7",Y,R,Y,0,2,1,2,0,
2025-08-12,28,Muswellbrook,3,HOLLYDENE ESTATE WINES COUNTRY BOOSTED MDN HCP,"7,8,2",nn,"2,9,3",Y,R,R,0,1,2,1,0,
2025-08-12,28,Muswellbrook,4,HUNTER THOROUGHBRED BREEDERS ASSOC MDN PLATE,"7,10,1",gbm_rank,"7,11,15",G,R,R,1,0,2,1,1,
2025-08-12,28,Muswellbrook,4,HUNTER THOROUGHBRED BREEDERS ASSOC MDN PLATE,"7,10,1",gbm_reg,"1,15,4",Y,R,R,0,1,2,1,0,
2025-08-12,28,Muswellbrook,4,HUNTER THOROUGHBRED BREEDERS ASSOC MDN PLATE,"7,10,1",nn,"4,6,7",R,R,Y,0,1,2,1,0,
2025-08-12,28,Muswellbrook,5,MUSWELLBROOK RSL COUNTRY BOOSTED HCP (C1),"1,13,5",gbm_rank,"12,9,1",R,R,Y,0,1,2,1,0,
2025-08-12,28,Muswellbrook,5,MUSWELLBROOK RSL COUNTRY BOOSTED HCP (C1),"1,13,5",gbm_reg,"2,5,1",R,Y,Y,0,2,1,2,0,
2025-08-12,28,Muswellbrook,5,MUSWELLBROOK RSL COUNTRY BOOSTED HCP (C1),"1,13,5",nn,"1,5,11",G,Y,R,1,1,1,2,1,
2025-08-12,28,Muswellbrook,6,ANDERS @ WIDDEN STUD HANDICAP,"13,10,2",gbm_rank,"7,9,3",R,R,R,0,0,3,0,0,
2025-08-12,28,Muswellbrook,6,ANDERS @ WIDDEN STUD HANDICAP,"13,10,2",gbm_reg,"9,3,10",R,R,Y,0,1,2,1,0,
2025-08-12,28,Muswellbrook,6,ANDERS @ WIDDEN STUD HANDICAP,"13,10,2",nn,"10,5,13",Y,R,Y,0,2,1,2,0,
2025-08-12,28,Muswellbrook,7,TAB QUEEN OF THE VALLEY MATCHMAKER HCP,"9,13",gbm_rank,"13,2,4",Y,Y,R,0,2,1,2,0,
2025-08-12,28,Muswellbrook,7,TAB QUEEN OF THE VALLEY MATCHMAKER HCP,"9,13",gbm_reg,"1,2,9",R,Y,Y,0,2,1,2,0,
2025-08-12,28,Muswellbrook,7,TAB QUEEN OF THE VALLEY MATCHMAKER HCP,"9,13",nn,"13,4,10",Y,R,R,0,1,2,1,0,
2025-08-12,29,Hawkesbury,1,HRC MOTEL MDN PLATE,"9,8,11",gbm_rank,"2,10,9",R,R,Y,0,1,2,1,0,
2025-08-12,29,Hawkesbury,1,HRC MOTEL MDN PLATE,"9,8,11",gbm_reg,"6,11,1",R,Y,R,0,1,2,1,0,
2025-08-12,29,Hawkesbury,1,HRC MOTEL MDN PLATE,"9,8,11",nn,"8,10,11",Y,R,G,1,1,1,2,1,
2025-08-12,29,Hawkesbury,2,BLAKES MARINE MDN HCP,"3,4,2",gbm_rank,"10,2,12",R,Y,R,0,1,2,1,0,
2025-08-12,29,Hawkesbury,2,BLAKES MARINE MDN HCP,"3,4,2",gbm_reg,"11,4,10",R,G,R,1,0,2,1,1,
2025-08-12,29,Hawkesbury,2,BLAKES MARINE MDN HCP,"3,4,2",nn,"2,4,7",Y,G,R,1,1,1,2,1,
2025-08-12,29,Hawkesbury,3,ST JOHNS PARK BOWLING CLUB HCP (C1),"7,5",gbm_rank,"2,8,6",Y,R,R,0,1,2,1,0,
2025-08-12,29,Hawkesbury,3,ST JOHNS PARK BOWLING CLUB HCP (C1),"7,5",gbm_reg,"6,2,5",R,Y,Y,0,2,1,2,0,
2025-08-12,29,Hawkesbury,3,ST JOHNS PARK BOWLING CLUB HCP (C1),"7,5",nn,"7,6,2",G,R,G,2,0,1,2,2,
2025-08-12,29,Hawkesbury,4,PIONEER SERVICES MDN PLATE,"5,13,2",gbm_rank,"8,14,7",R,R,R,0,0,3,0,0,
2025-08-12,29,Hawkesbury,4,PIONEER SERVICES MDN PLATE,"5,13,2",gbm_reg,"13,2,5",Y,Y,Y,0,3,0,3,0,
2025-08-12,29,Hawkesbury,4,PIONEER SERVICES MDN PLATE,"5,13,2",nn,"7,14,13",R,R,Y,0,1,2,1,0,
2025-08-12,29,Hawkesbury,5,XXXX GOLD HCP (C1),"3,5,7",gbm_rank,"4,8,12",R,R,R,0,0,3,0,0,
2025-08-12,29,Hawkesbury,5,XXXX GOLD HCP (C1),"3,5,7",gbm_reg,"4,7,5",R,Y,Y,0,2,1,2,0,
2025-08-12,29,Hawkesbury,5,XXXX GOLD HCP (C1),"3,5,7",nn,"3,1,5",G,R,Y,1,1,1,2,1,
2025-08-12,29,Hawkesbury,6,GODOLPHIN PROVINCIAL HCP (C1),"6,3",gbm_rank,"7,8,3",R,R,Y,0,1,2,1,0,
2025-08-12,29,Hawkesbury,6,GODOLPHIN PROVINCIAL HCP (C1),"6,3",gbm_reg,"3,6,8",Y,Y,R,0,2,1,2,0,
2025-08-12,29,Hawkesbury,6,GODOLPHIN PROVINCIAL HCP (C1),"6,3",nn,"6,3,12",G,G,R,2,0,1,2,2,
2025-08-12,29,Hawkesbury,7,CLARENDON TAVERN MIDWAY HANDICAP,"3,4,8",gbm_rank,"12,3,5",R,Y,R,0,1,2,1,0,
2025-08-12,29,Hawkesbury,7,CLARENDON TAVERN MIDWAY HANDICAP,"3,4,8",gbm_reg,"7,5,4",R,R,Y,0,1,2,1,0,
2025-08-12,29,Hawkesbury,7,CLARENDON TAVERN MIDWAY HANDICAP,"3,4,8",nn,"5,4,10",R,G,R,1,0,2,1,1,
2025-08-12,30,Mackay,1,LADBROKES ODDS SURGE MDN HCP,"9,6,11",gbm_rank,"5,7,11",R,R,G,1,0,2,1,1,
2025-08-12,30,Mackay,1,LADBROKES ODDS SURGE MDN HCP,"9,6,11",gbm_reg,"7,10,11",R,R,G,1,0,2,1,1,
2025-08-12,30,Mackay,1,LADBROKES ODDS SURGE MDN HCP,"9,6,11",nn,"11,10,5",Y,R,R,0,1,2,1,0,
2025-08-12,30,Mackay,2,BOOK FOR CLASSIC DAY SAT 27TH HCP (55),"7,6,1",gbm_rank,"6,5,9",Y,R,R,0,1,2,1,0,
2025-08-12,30,Mackay,2,BOOK FOR CLASSIC DAY SAT 27TH HCP (55),"7,6,1",gbm_reg,"2,9,7",R,R,Y,0,1,2,1,0,
2025-08-12,30,Mackay,2,BOOK FOR CLASSIC DAY SAT 27TH HCP (55),"7,6,1",nn,"1,6,9",Y,G,R,1,1,1,2,1,
2025-08-12,30,Mackay,3,LEADING TRAINER 2025 CLINTON TAYLOR HCP,"1,7",gbm_rank,"2,1,7",Y,Y,Y,0,3,0,3,0,
2025-08-12,30,Mackay,3,LEADING TRAINER 2025 CLINTON TAYLOR HCP,"1,7",gbm_reg,"2,7,1",Y,G,Y,1,2,0,3,1,
2025-08-12,30,Mackay,3,LEADING TRAINER 2025 CLINTON TAYLOR HCP,"1,7",nn,"3,6,4",R,R,R,0,0,3,0,0,
2025-08-12,30,Mackay,4,LEADING JOCKEY 2025 ASHLEY BUTLER HCP (C3),"4,9,2",gbm_rank,"3,1,2",R,R,G,1,0,2,1,1,
2025-08-12,30,Mackay,4,LEADING JOCKEY 2025 ASHLEY BUTLER HCP (C3),"4,9,2",gbm_reg,"1,5,7",R,R,R,0,0,3,0,0,
2025-08-12,30,Mackay,4,LEADING JOCKEY 2025 ASHLEY BUTLER HCP (C3),"4,9,2",nn,"1,2,3",R,Y,R,0,1,2,1,0,
2025-08-12,30,Mackay,5,LEADING APPRENTICE 2025 MCKENZIE APEL HCP,"4,2,1",gbm_rank,"1,3,4",Y,R,Y,0,2,1,2,0,
2025-08-12,30,Mackay,5,LEADING APPRENTICE 2025 MCKENZIE APEL HCP,"4,2,1",gbm_reg,"6,3,11",R,R,R,0,0,3,0,0,
2025-08-12,30,Mackay,5,LEADING APPRENTICE 2025 MCKENZIE APEL HCP,"4,2,1",nn,"11,4,3",R,Y,R,0,1,2,1,0,
2025-08-12,30,Mackay,6,HORSE OF THE YEAR BOOMING LAD HCP,"1,2,4",gbm_rank,"1,4,5",G,Y,R,1,1,1,2,1,
2025-08-12,30,Mackay,6,HORSE OF THE YEAR BOOMING LAD HCP,"1,2,4",gbm_reg,"5,10,8",R,R,R,0,0,3,0,0,
2025-08-12,30,Mackay,6,HORSE OF THE YEAR BOOMING LAD HCP,"1,2,4",nn,"4,1,11",Y,Y,R,0,2,1,2,0,
2025-08-12,30,Mackay,7,RACING AGAIN THURSDAY 4TH SEPTEMBER HCP,"8,12,9",gbm_rank,"4,1,8",R,R,Y,0,1,2,1,0,
2025-08-12,30,Mackay,7,RACING AGAIN THURSDAY 4TH SEPTEMBER HCP,"8,12,9",gbm_reg,"4,5,11",R,R,R,0,0,3,0,0,
2025-08-12,30,Mackay,7,RACING AGAIN THURSDAY 4TH SEPTEMBER HCP,"8,12,9",nn,"8,12,1",G,G,R,2,0,1,2,2,
2025-08-12,37,Bulli,1,75 YEARS OF RACING AT BULLI 2025 MAIDEN,"8,7,1",gbm_rank,"1,2,3",Y,R,R,0,1,2,1,0,
2025-08-12,37,Bulli,1,75 YEARS OF RACING AT BULLI 2025 MAIDEN,"8,7,1",gbm_reg,"1,2,3",Y,R,R,0,1,2,1,0,
2025-08-12,37,Bulli,1,75 YEARS OF RACING AT BULLI 2025 MAIDEN,"8,7,1",nn,"1,2,3",Y,R,R,0,1,2,1,0,
2025-08-12,37,Bulli,2,AMCA MOTORBIKES BULLI AUG 23 MAIDEN,"7,6,1",gbm_rank,"1,2,3",Y,R,R,0,1,2,1,0,
2025-08-12,37,Bulli,2,AMCA MOTORBIKES BULLI AUG 23 MAIDEN,"7,6,1",gbm_reg,"1,2,3",Y,R,R,0,1,2,1,0,
2025-08-12,37,Bulli,2,AMCA MOTORBIKES BULLI AUG 23 MAIDEN,"7,6,1",nn,"1,2,3",Y,R,R,0,1,2,1,0,
2025-08-12,37,Bulli,3,LADBROKES ODDS SURGE,"6,8,5",gbm_rank,"1,2,3",R,R,R,0,0,3,0,0,
2025-08-12,37,Bulli,3,LADBROKES ODDS SURGE,"6,8,5",gbm_reg,"1,2,3",R,R,R,0,0,3,0,0,
2025-08-12,37,Bulli,3,LADBROKES ODDS SURGE,"6,8,5",nn,"1,2,3",R,R,R,0,0,3,0,0,
2025-08-12,37,Bulli,4,TLE ELECTRICAL WOLLONGONG,"1,5,2",gbm_rank,"6,1,5",R,Y,Y,0,2,1,2,0,
2025-08-12,37,Bulli,4,TLE ELECTRICAL WOLLONGONG,"1,5,2",gbm_reg,"1,2,4",G,Y,R,1,1,1,2,1,
2025-08-12,37,Bulli,4,TLE ELECTRICAL WOLLONGONG,"1,5,2",nn,"1,2,4",G,Y,R,1,1,1,2,1,
2025-08-12,37,Bulli,5,LADBROKES MATES MODE POTS BULLI BATTLERS,"8,5,4",gbm_rank,"1,2,3",R,R,R,0,0,3,0,0,
2025-08-12,37,Bulli,5,LADBROKES MATES MODE POTS BULLI BATTLERS,"8,5,4",gbm_reg,"6,1,3",R,R,R,0,0,3,0,0,
2025-08-12,37,Bulli,5,LADBROKES MATES MODE POTS BULLI BATTLERS,"8,5,4",nn,"1,2,3",R,R,R,0,0,3,0,0,
2025-08-12,37,Bulli,6,LADBROKES SAME RACE MULTI,"7,1,2",gbm_rank,"1,2,3",Y,Y,R,0,2,1,2,0,
2025-08-12,37,Bulli,6,LADBROKES SAME RACE MULTI,"7,1,2",gbm_reg,"6,1,3",R,G,R,1,0,2,1,1,
2025-08-12,37,Bulli,6,LADBROKES SAME RACE MULTI,"7,1,2",nn,"1,2,3",Y,Y,R,0,2,1,2,0,
2025-08-12,37,Bulli,7,LADBROKES BET TICKER,"2,4",gbm_rank,"8,1,3",R,R,R,0,0,3,0,0,
2025-08-12,37,Bulli,7,LADBROKES BET TICKER,"2,4",gbm_reg,"1,2,3",R,Y,R,0,1,2,1,0,
2025-08-12,37,Bulli,7,LADBROKES BET TICKER,"2,4",nn,"1,2,3",R,Y,R,0,1,2,1,0,
2025-08-12,37,Bulli,8,PUNTERS LOVE BULLI 1-3 WIN,"3,2,1",gbm_rank,"1,2,3",Y,G,Y,1,2,0,3,1,
2025-08-12,37,Bulli,8,PUNTERS LOVE BULLI 1-3 WIN,"3,2,1",gbm_reg,"6,1,3",R,Y,Y,0,2,1,2,0,
2025-08-12,37,Bulli,8,PUNTERS LOVE BULLI 1-3 WIN,"3,2,1",nn,"1,2,3",Y,G,Y,1,2,0,3,1,
2025-08-12,37,Bulli,9,LADBROKES FAST WITHDRAWALS MASTERS,"7,1",gbm_rank,"1,2,4",Y,R,R,0,1,2,1,0,
2025-08-12,37,Bulli,9,LADBROKES FAST WITHDRAWALS MASTERS,"7,1",gbm_reg,"1,2,4",Y,R,R,0,1,2,1,0,
2025-08-12,37,Bulli,9,LADBROKES FAST WITHDRAWALS MASTERS,"7,1",nn,"1,2,4",Y,R,R,0,1,2,1,0,
2025-08-12,37,Bulli,10,LADBROKES BLACKBOOK 1-2 WIN,"7,8,4",gbm_rank,"1,2,3",R,R,R,0,0,3,0,0,
2025-08-12,37,Bulli,10,LADBROKES BLACKBOOK 1-2 WIN,"7,8,4",gbm_reg,"6,1,3",R,R,R,0,0,3,0,0,
2025-08-12,37,Bulli,10,LADBROKES BLACKBOOK 1-2 WIN,"7,8,4",nn,"1,2,3",R,R,R,0,0,3,0,0,
2025-08-12,37,Bulli,11,GAPNSW.COM.AU 1-2 WIN,"6,1",gbm_rank,"1,2,3",Y,R,R,0,1,2,1,0,
2025-08-12,37,Bulli,11,GAPNSW.COM.AU 1-2 WIN,"6,1",gbm_reg,"6,1,3",G,G,R,2,0,1,2,2,
2025-08-12,37,Bulli,11,GAPNSW.COM.AU 1-2 WIN,"6,1",nn,"1,2,3",Y,R,R,0,1,2,1,0,
2025-08-12,38,Townsville,1,TOWNSVILLE RACE 1,"6,1",gbm_rank,"1,3,5",Y,R,R,0,1,2,1,0,
2025-08-12,38,Townsville,1,TOWNSVILLE RACE 1,"6,1",gbm_reg,"1,3,5",Y,R,R,0,1,2,1,0,
2025-08-12,38,Townsville,1,TOWNSVILLE RACE 1,"6,1",nn,"1,3,5",Y,R,R,0,1,2,1,0,
2025-08-12,38,Townsville,2,CHEAPA AUTO SPARES,"6,3,4",gbm_rank,"1,3,4",R,G,G,2,0,1,2,2,
2025-08-12,38,Townsville,2,CHEAPA AUTO SPARES,"6,3,4",gbm_reg,"1,2,3",R,R,Y,0,1,2,1,0,
2025-08-12,38,Townsville,2,CHEAPA AUTO SPARES,"6,3,4",nn,"1,2,3",R,R,Y,0,1,2,1,0,
2025-08-12,38,Townsville,3,TOWNSVILLE RACE 3,"3,7,1",gbm_rank,"1,5,6",Y,R,R,0,1,2,1,0,
2025-08-12,38,Townsville,3,TOWNSVILLE RACE 3,"3,7,1",gbm_reg,"1,2,3",Y,R,Y,0,2,1,2,0,
2025-08-12,38,Townsville,3,TOWNSVILLE RACE 3,"3,7,1",nn,"1,2,3",Y,R,Y,0,2,1,2,0,
2025-08-12,38,Townsville,4,LOUND SEAFOOD,"7,2",gbm_rank,"2,3,4",Y,R,G,1,1,1,2,1,
2025-08-12,38,Townsville,4,LOUND SEAFOOD,"7,2",gbm_reg,"2,3,4",Y,R,G,1,1,1,2,1,
2025-08-12,38,Townsville,4,LOUND SEAFOOD,"7,2",nn,"2,3,4",Y,R,G,1,1,1,2,1,
2025-08-12,38,Townsville,5,BURDEKIN VET SERVICES,"4,3,7",gbm_rank,"1,2,3",R,R,Y,0,1,2,1,0,
2025-08-12,38,Townsville,5,BURDEKIN VET SERVICES,"4,3,7",gbm_reg,"6,1,3",R,R,Y,0,1,2,1,0,
2025-08-12,38,Townsville,5,BURDEKIN VET SERVICES,"4,3,7",nn,"1,2,3",R,R,Y,0,1,2,1,0,
2025-08-12,38,Townsville,6,T.G.B.O.T.A,"3,1,5",gbm_rank,"1,2,6",Y,R,R,0,1,2,1,0,
2025-08-12,38,Townsville,6,T.G.B.O.T.A,"3,1,5",gbm_reg,"6,1,3",R,G,Y,1,1,1,2,1,
2025-08-12,38,Townsville,6,T.G.B.O.T.A,"3,1,5",nn,"1,2,3",Y,R,Y,0,2,1,2,0,
2025-08-12,38,Townsville,7,TOWNSVILLE RACE 7,"3,8,7",gbm_rank,"1,2,3",R,R,Y,0,1,2,1,0,
2025-08-12,38,Townsville,7,TOWNSVILLE RACE 7,"3,8,7",gbm_reg,"1,9,3",R,R,Y,0,1,2,1,0,
2025-08-12,38,Townsville,7,TOWNSVILLE RACE 7,"3,8,7",nn,"1,2,3",R,R,Y,0,1,2,1,0,
2025-08-12,38,Townsville,8,ERROL WATERS MEMORIAL FINAL 5TH GRADE F,"6,5,1",gbm_rank,"4,1,2",R,Y,R,0,1,2,1,0,
2025-08-12,38,Townsville,8,ERROL WATERS MEMORIAL FINAL 5TH GRADE F,"6,5,1",gbm_reg,"6,1,3",G,Y,R,1,1,1,2,1,
2025-08-12,38,Townsville,8,ERROL WATERS MEMORIAL FINAL 5TH GRADE F,"6,5,1",nn,"1,2,3",Y,R,R,0,1,2,1,0,
2025-08-12,38,Townsville,9,PARTY CREEK KENNELS,"4,7",gbm_rank,"2,7,3",R,G,R,1,0,2,1,1,
2025-08-12,38,Townsville,9,PARTY CREEK KENNELS,"4,7",gbm_reg,"6,1,4",R,Y,Y,0,2,1,2,0,
2025-08-12,38,Townsville,9,PARTY CREEK KENNELS,"4,7",nn,"1,2,3",Y,R,R,0,1,2,1,0,
2025-08-12,38,Townsville,10,TOWNSVILLE RACE 10,"8,7,5",gbm_rank,"8,3,1",G,R,R,1,0,2,1,1,
2025-08-12,38,Townsville,10,TOWNSVILLE RACE 10,"8,7,5",gbm_reg,"6,1,3",R,R,R,0,0,3,0,0,
2025-08-12,38,Townsville,10,TOWNSVILLE RACE 10,"8,7,5",nn,"1,2,3",R,R,R,0,0,3,0,0,
2025-08-12,38,Townsville,11,PETER GROVES,"8,1,2",gbm_rank,"5,1,3",R,G,R,1,0,2,1,1,
2025-08-12,38,Townsville,11,PETER GROVES,"8,1,2",gbm_reg,"6,1,3",R,G,R,1,0,2,1,1,
2025-08-12,38,Townsville,11,PETER GROVES,"8,1,2",nn,"1,2,3",Y,Y,R,0,2,1,2,0,
2025-08-12,38,Townsville,12,TOWNSVILLE RACE 12,"7,4,3",gbm_rank,"1,2,3",R,R,G,1,0,2,1,1,
2025-08-12,38,Townsville,12,TOWNSVILLE RACE 12,"7,4,3",gbm_reg,"6,1,3",R,R,G,1,0,2,1,1,
2025-08-12,38,Townsville,12,TOWNSVILLE RACE 12,"7,4,3",nn,"1,2,3",R,R,G,1,0,2,1,1,
2025-08-12,39,Gosford,1,WELCOME TO GBOTA GOSFORD MAIDEN,"4,1",gbm_rank,"8,7,1",Y,R,Y,0,2,1,2,0,
2025-08-12,39,Gosford,1,WELCOME TO GBOTA GOSFORD MAIDEN,"4,1",gbm_reg,"1,2,4",Y,R,Y,0,2,1,2,0,
2025-08-12,39,Gosford,1,WELCOME TO GBOTA GOSFORD MAIDEN,"4,1",nn,"1,2,4",Y,R,Y,0,2,1,2,0,
2025-08-12,39,Gosford,2,BEAST UNLEASHED AT STUD MAIDEN,"8,3",gbm_rank,"8,1,4",G,R,G,2,0,1,2,2,
2025-08-12,39,Gosford,2,BEAST UNLEASHED AT STUD MAIDEN,"8,3",gbm_reg,"1,3,4",R,G,G,2,0,1,2,2,
2025-08-12,39,Gosford,2,BEAST UNLEASHED AT STUD MAIDEN,"8,3",nn,"1,3,4",R,G,G,2,0,1,2,2,
2025-08-12,39,Gosford,3,LADBROKES SAME RACE MULTI,"4,1",gbm_rank,"4,3,8",G,Y,R,1,1,1,2,1,
2025-08-12,39,Gosford,3,LADBROKES SAME RACE MULTI,"4,1",gbm_reg,"1,3,4",Y,Y,Y,0,3,0,3,0,
2025-08-12,39,Gosford,3,LADBROKES SAME RACE MULTI,"4,1",nn,"1,3,4",Y,Y,Y,0,3,0,3,0,
2025-08-12,39,Gosford,4,NARARA PLUMBING,"3,5,4",gbm_rank,"7,8,1",R,R,R,0,0,3,0,0,
2025-08-12,39,Gosford,4,NARARA PLUMBING,"3,5,4",gbm_reg,"1,2,3",R,R,Y,0,1,2,1,0,
2025-08-12,39,Gosford,4,NARARA PLUMBING,"3,5,4",nn,"1,2,3",R,R,Y,0,1,2,1,0,
2025-08-12,39,Gosford,5,BEAST UNLEASHED AT STUD,"2,3,8",gbm_rank,"7,8,1",R,Y,R,0,1,2,1,0,
2025-08-12,39,Gosford,5,BEAST UNLEASHED AT STUD,"2,3,8",gbm_reg,"6,1,3",R,R,Y,0,1,2,1,0,
2025-08-12,39,Gosford,5,BEAST UNLEASHED AT STUD,"2,3,8",nn,"1,2,3",R,Y,Y,0,2,1,2,0,
2025-08-12,39,Gosford,6,LADBROKES MATES MODE POTS,"5,7,8",gbm_rank,"7,8,1",Y,Y,R,0,2,1,2,0,
2025-08-12,39,Gosford,6,LADBROKES MATES MODE POTS,"5,7,8",gbm_reg,"6,1,3",R,R,R,0,0,3,0,0,
2025-08-12,39,Gosford,6,LADBROKES MATES MODE POTS,"5,7,8",nn,"1,2,3",R,R,R,0,0,3,0,0,
2025-08-12,39,Gosford,7,STATEWIDE FIRE PROTECTION,"7,3,2",gbm_rank,"7,1,3",G,R,Y,1,1,1,2,1,
2025-08-12,39,Gosford,7,STATEWIDE FIRE PROTECTION,"7,3,2",gbm_reg,"6,1,3",R,R,Y,0,1,2,1,0,
2025-08-12,39,Gosford,7,STATEWIDE FIRE PROTECTION,"7,3,2",nn,"1,2,3",R,Y,Y,0,2,1,2,0,
2025-08-12,39,Gosford,8,CENTRAL COAST LOCKSMITHS,"8,7,5",gbm_rank,"7,1,3",Y,R,R,0,1,2,1,0,
2025-08-12,39,Gosford,8,CENTRAL COAST LOCKSMITHS,"8,7,5",gbm_reg,"6,1,3",R,R,R,0,0,3,0,0,
2025-08-12,39,Gosford,8,CENTRAL COAST LOCKSMITHS,"8,7,5",nn,"1,2,3",R,R,R,0,0,3,0,0,
2025-08-12,39,Gosford,9,LADBROKES ODDS SURGE,"4,7",gbm_rank,"7,1,3",Y,R,R,0,1,2,1,0,
2025-08-12,39,Gosford,9,LADBROKES ODDS SURGE,"4,7",gbm_reg,"6,1,3",R,R,R,0,0,3,0,0,
2025-08-12,39,Gosford,9,LADBROKES ODDS SURGE,"4,7",nn,"1,2,3",R,R,R,0,0,3,0,0,
2025-08-12,39,Gosford,10,CONGRATULATIONS JEANETTE FOLEY,"3,7",gbm_rank,"8,7,1",Y,G,R,1,1,1,2,1,
2025-08-12,39,Gosford,10,CONGRATULATIONS JEANETTE FOLEY,"3,7",gbm_reg,"1,2,3",R,R,Y,0,1,2,1,0,
2025-08-12,39,Gosford,10,CONGRATULATIONS JEANETTE FOLEY,"3,7",nn,"1,2,3",R,R,Y,0,1,2,1,0,
2025-08-12,39,Gosford,11,GOLDMINE WINNER TRACEY TARO,"1,2,4",gbm_rank,"7,8,1",R,R,Y,0,1,2,1,0,
2025-08-12,39,Gosford,11,GOLDMINE WINNER TRACEY TARO,"1,2,4",gbm_reg,"6,1,3",R,Y,R,0,1,2,1,0,
2025-08-12,39,Gosford,11,GOLDMINE WINNER TRACEY TARO,"1,2,4",nn,"1,2,3",G,G,R,2,0,1,2,2,
2025-08-12,39,Gosford,12,LADBROKES PUNTER ASSIST PATHWAYS,"5,3",gbm_rank,"8,7,1",Y,R,R,0,1,2,1,0,
2025-08-12,39,Gosford,12,LADBROKES PUNTER ASSIST PATHWAYS,"5,3",gbm_reg,"6,1,3",R,R,Y,0,1,2,1,0,
2025-08-12,39,Gosford,12,LADBROKES PUNTER ASSIST PATHWAYS,"5,3",nn,"1,2,3",R,R,Y,0,1,2,1,0,
2025-08-12,40,Mandurah,1,FREE ENTRY TABTOUCH PARK,"7,1,4",gbm_rank,"1,2,3",Y,R,R,0,1,2,1,0,
2025-08-12,40,Mandurah,1,FREE ENTRY TABTOUCH PARK,"7,1,4",gbm_reg,"1,2,3",Y,R,R,0,1,2,1,0,
2025-08-12,40,Mandurah,1,FREE ENTRY TABTOUCH PARK,"7,1,4",nn,"1,2,3",Y,R,R,0,1,2,1,0,
2025-08-12,40,Mandurah,2,BRING THE FAMILY (PBD),"3,2",gbm_rank,"1,2,3",R,G,Y,1,1,1,2,1,
2025-08-12,40,Mandurah,2,BRING THE FAMILY (PBD),"3,2",gbm_reg,"1,2,3",R,G,Y,1,1,1,2,1,
2025-08-12,40,Mandurah,2,BRING THE FAMILY (PBD),"3,2",nn,"1,2,3",R,G,Y,1,1,1,2,1,
2025-08-12,40,Mandurah,3,AUTO OWLS BENTLEY,"3,4",gbm_rank,"1,2,3",R,Y,Y,0,2,1,2,0,
2025-08-12,40,Mandurah,3,AUTO OWLS BENTLEY,"3,4",gbm_reg,"1,2,3",R,Y,Y,0,2,1,2,0,
2025-08-12,40,Mandurah,3,AUTO OWLS BENTLEY,"3,4",nn,"1,2,3",R,Y,Y,0,2,1,2,0,
2025-08-12,40,Mandurah,4,ALL TORQUE ENGINEERING,"2,6",gbm_rank,"2,3,4",G,R,R,1,0,2,1,1,
2025-08-12,40,Mandurah,4,ALL TORQUE ENGINEERING,"2,6",gbm_reg,"2,3,4",G,R,R,1,0,2,1,1,
2025-08-12,40,Mandurah,4,ALL TORQUE ENGINEERING,"2,6",nn,"2,3,4",G,R,R,1,0,2,1,1,
2025-08-12,40,Mandurah,5,GET YOUR QUADDIE ON MAIDEN SERIES F,"7,4,5",gbm_rank,"1,2,3",R,R,R,0,0,3,0,0,
2025-08-12,40,Mandurah,5,GET YOUR QUADDIE ON MAIDEN SERIES F,"7,4,5",gbm_reg,"6,1,3",R,R,R,0,0,3,0,0,
2025-08-12,40,Mandurah,5,GET YOUR QUADDIE ON MAIDEN SERIES F,"7,4,5",nn,"1,2,3",R,R,R,0,0,3,0,0,
2025-08-12,40,Mandurah,6,TOMMY SHELBY @ STUD (PBD),"8,3,5",gbm_rank,"1,3,4",R,G,R,1,0,2,1,1,
2025-08-12,40,Mandurah,6,TOMMY SHELBY @ STUD (PBD),"8,3,5",gbm_reg,"6,1,4",R,R,R,0,0,3,0,0,
2025-08-12,40,Mandurah,6,TOMMY SHELBY @ STUD (PBD),"8,3,5",nn,"1,3,4",R,G,R,1,0,2,1,1,
2025-08-12,40,Mandurah,7,SIRES ON ICE (WA) (PBD),"1,7,8",gbm_rank,"1,2,3",G,R,R,1,0,2,1,1,
2025-08-12,40,Mandurah,7,SIRES ON ICE (WA) (PBD),"1,7,8",gbm_reg,"9,1,3",R,Y,R,0,1,2,1,0,
2025-08-12,40,Mandurah,7,SIRES ON ICE (WA) (PBD),"1,7,8",nn,"1,2,3",G,R,R,1,0,2,1,1,
2025-08-12,40,Mandurah,8,SIGNUP WA (PBD),"8,5,6",gbm_rank,"1,2,3",R,R,R,0,0,3,0,0,
2025-08-12,40,Mandurah,8,SIGNUP WA (PBD),"8,5,6",gbm_reg,"6,1,3",Y,R,R,0,1,2,1,0,
2025-08-12,40,Mandurah,8,SIGNUP WA (PBD),"8,5,6",nn,"1,2,3",R,R,R,0,0,3,0,0,
2025-08-12,40,Mandurah,9,FULLER FITNESS (PBD),"1,4",gbm_rank,"1,2,3",G,R,R,1,0,2,1,1,
2025-08-12,40,Mandurah,9,FULLER FITNESS (PBD),"1,4",gbm_reg,"6,1,3",Y,Y,R,0,2,1,2,0,
2025-08-12,40,Mandurah,9,FULLER FITNESS (PBD),"1,4",nn,"1,2,3",G,R,R,1,0,2,1,1,
2025-08-12,40,Mandurah,10,PRIME TROPHIES (PBD),"2,1",gbm_rank,"2,4,8",G,Y,R,1,1,1,2,1,
2025-08-12,40,Mandurah,10,PRIME TROPHIES (PBD),"2,1",gbm_reg,"1,2,4",Y,Y,G,1,2,0,3,1,
2025-08-12,40,Mandurah,10,PRIME TROPHIES (PBD),"2,1",nn,"1,2,4",Y,Y,G,1,2,0,3,1,
2025-08-12,40,Mandurah,11,BET LOCAL BET TABTOUCH (PBD),"6,4",gbm_rank,"1,2,3",R,R,R,0,0,3,0,0,
2025-08-12,40,Mandurah,11,BET LOCAL BET TABTOUCH (PBD),"6,4",gbm_reg,"6,1,3",G,R,R,1,0,2,1,1,
2025-08-12,40,Mandurah,11,BET LOCAL BET TABTOUCH (PBD),"6,4",nn,"1,2,3",R,R,R,0,0,3,0,0,
2025-08-12,41,Fairview,1,WELCOME TO NELSON MANDELA BAY MAIDEN PLATE,"9,1",gbm_rank,"1,5,6",Y,R,G,1,1,1,2,1,
2025-08-12,41,Fairview,1,WELCOME TO NELSON MANDELA BAY MAIDEN PLATE,"9,1",gbm_reg,"5,7,6",R,R,G,1,0,2,1,1,
2025-08-12,41,Fairview,1,WELCOME TO NELSON MANDELA BAY MAIDEN PLATE,"9,1",nn,"1,9,8",Y,Y,R,0,2,1,2,0,
2025-08-12,41,Fairview,2,"PLAY SOCCER 6, 10 AND 13 MAIDEN PLATE (F & M)","4,6",gbm_rank,"3,1,4",R,R,Y,0,1,2,1,0,
2025-08-12,41,Fairview,2,"PLAY SOCCER 6, 10 AND 13 MAIDEN PLATE (F & M)","4,6",gbm_reg,"6,3,8",Y,R,R,0,1,2,1,0,
2025-08-12,41,Fairview,2,"PLAY SOCCER 6, 10 AND 13 MAIDEN PLATE (F & M)","4,6",nn,"5,3,1",R,R,R,0,0,3,0,0,
2025-08-12,41,Fairview,3,FAIRVIEW RACE 3 OPEN MAIDEN (F & M),"3,7,2",gbm_rank,"5,4,3",R,R,Y,0,1,2,1,0,
2025-08-12,41,Fairview,3,FAIRVIEW RACE 3 OPEN MAIDEN (F & M),"3,7,2",gbm_reg,"1,3,6",R,Y,R,0,1,2,1,0,
2025-08-12,41,Fairview,3,FAIRVIEW RACE 3 OPEN MAIDEN (F & M),"3,7,2",nn,"3,6,5",G,R,R,1,0,2,1,1,
2025-08-12,41,Fairview,4,FAIRVIEW RACE 4 FM 80 HCP (F & M),"6,8,5",gbm_rank,"6,1,8",G,R,Y,1,1,1,2,1,
2025-08-12,41,Fairview,4,FAIRVIEW RACE 4 FM 80 HCP (F & M),"6,8,5",gbm_reg,"10,4,7",R,R,R,0,0,3,0,0,
2025-08-12,41,Fairview,4,FAIRVIEW RACE 4 FM 80 HCP (F & M),"6,8,5",nn,"8,1,5",Y,R,G,1,1,1,2,1,
2025-08-12,41,Fairview,5,RACING TODAY MR 76 HANDICAP,"5,7,4",gbm_rank,"2,7,4",R,G,G,2,0,1,2,2,
2025-08-12,41,Fairview,5,RACING TODAY MR 76 HANDICAP,"5,7,4",gbm_reg,"7,1,6",Y,R,R,0,1,2,1,0,
2025-08-12,41,Fairview,5,RACING TODAY MR 76 HANDICAP,"5,7,4",nn,"6,7,3",R,G,R,1,0,2,1,1,
2025-08-12,41,Fairview,6,YOUCANBETONUS! FM 74 HANDICAP (F & M),"8,6,12",gbm_rank,"12,8,11",Y,Y,R,0,2,1,2,0,
2025-08-12,41,Fairview,6,YOUCANBETONUS! FM 74 HANDICAP (F & M),"8,6,12",gbm_reg,"3,1,4",R,R,R,0,0,3,0,0,
2025-08-12,41,Fairview,6,YOUCANBETONUS! FM 74 HANDICAP (F & M),"8,6,12",nn,"12,4,7",Y,R,R,0,1,2,1,0,
2025-08-12,41,Fairview,7,RACING240 MR 80 HANDICAP,"7,9,3",gbm_rank,"7,2,3",G,R,G,2,0,1,2,2,
2025-08-12,41,Fairview,7,RACING240 MR 80 HANDICAP,"7,9,3",gbm_reg,"2,4,8",R,R,R,0,0,3,0,0,
2025-08-12,41,Fairview,7,RACING240 MR 80 HANDICAP,"7,9,3",nn,"3,11,2",Y,R,R,0,1,2,1,0,
2025-08-12,41,Fairview,8,NEXT FAIRVIEW RACEMEETING FRIDAY 15 AUGUST FM 66 HANDICAP (F & M),"2,6,11",gbm_rank,"14,2,10",R,Y,R,0,1,2,1,0,
2025-08-12,41,Fairview,8,NEXT FAIRVIEW RACEMEETING FRIDAY 15 AUGUST FM 66 HANDICAP (F & M),"2,6,11",gbm_reg,"3,8,1",R,R,R,0,0,3,0,0,
2025-08-12,41,Fairview,8,NEXT FAIRVIEW RACEMEETING FRIDAY 15 AUGUST FM 66 HANDICAP (F & M),"2,6,11",nn,"6,7,3",Y,R,R,0,1,2,1,0,
2025-08-12,51,Tokyo City Keiba,1,TOKYO CITY KEIBA C3,"9,11,1",gbm_rank,"7,8,1",R,R,G,1,0,2,1,1,
2025-08-12,51,Tokyo City Keiba,1,TOKYO CITY KEIBA C3,"9,11,1",gbm_reg,"2,3,1",R,R,G,1,0,2,1,1,
2025-08-12,51,Tokyo City Keiba,1,TOKYO CITY KEIBA C3,"9,11,1",nn,"6,4,3",R,R,R,0,0,3,0,0,
2025-08-12,51,Tokyo City Keiba,2,TOKYO CITY KEIBA C3,"10,3,11",gbm_rank,"11,2,14",Y,R,R,0,1,2,1,0,
2025-08-12,51,Tokyo City Keiba,2,TOKYO CITY KEIBA C3,"10,3,11",gbm_reg,"11,4,14",Y,R,R,0,1,2,1,0,
2025-08-12,51,Tokyo City Keiba,2,TOKYO CITY KEIBA C3,"10,3,11",nn,"2,10,3",R,Y,Y,0,2,1,2,0,
2025-08-12,51,Tokyo City Keiba,3,TOKYO CITY KEIBA 3YO,"8,6,7",gbm_rank,"8,2,7",G,R,G,2,0,1,2,2,
2025-08-12,51,Tokyo City Keiba,3,TOKYO CITY KEIBA 3YO,"8,6,7",gbm_reg,"5,4,7",R,R,G,1,0,2,1,1,
2025-08-12,51,Tokyo City Keiba,3,TOKYO CITY KEIBA 3YO,"8,6,7",nn,"3,2,1",R,R,R,0,0,3,0,0,
2025-08-12,51,Tokyo City Keiba,4,TOKYO CITY KEIBA 3YO,"10,11,12",gbm_rank,"13,1,11",R,R,Y,0,1,2,1,0,
2025-08-12,51,Tokyo City Keiba,4,TOKYO CITY KEIBA 3YO,"10,11,12",gbm_reg,"3,2,4",R,R,R,0,0,3,0,0,
2025-08-12,51,Tokyo City Keiba,4,TOKYO CITY KEIBA 3YO,"10,11,12",nn,"6,1,5",R,R,R,0,0,3,0,0,
2025-08-12,51,Tokyo City Keiba,5,TOKYO CITY KEIBA 3YO,"4,6,5",gbm_rank,"4,12,14",G,R,R,1,0,2,1,1,
2025-08-12,51,Tokyo City Keiba,5,TOKYO CITY KEIBA 3YO,"4,6,5",gbm_reg,"12,4,3",R,Y,R,0,1,2,1,0,
2025-08-12,51,Tokyo City Keiba,5,TOKYO CITY KEIBA 3YO,"4,6,5",nn,"3,7,6",R,R,Y,0,1,2,1,0,
2025-08-12,51,Tokyo City Keiba,6,TOKYO CITY KEIBA C1,"10,9,13",gbm_rank,"12,9,1",R,G,R,1,0,2,1,1,
2025-08-12,51,Tokyo City Keiba,6,TOKYO CITY KEIBA C1,"10,9,13",gbm_reg,"1,2,7",R,R,R,0,0,3,0,0,
2025-08-12,51,Tokyo City Keiba,6,TOKYO CITY KEIBA C1,"10,9,13",nn,"3,6,9",R,R,Y,0,1,2,1,0,
2025-08-12,51,Tokyo City Keiba,7,TOKYO CITY KEIBA C1,"13,6,12",gbm_rank,"9,14,13",R,R,Y,0,1,2,1,0,
2025-08-12,51,Tokyo City Keiba,7,TOKYO CITY KEIBA C1,"13,6,12",gbm_reg,"2,4,5",R,R,R,0,0,3,0,0,
2025-08-12,51,Tokyo City Keiba,7,TOKYO CITY KEIBA C1,"13,6,12",nn,"6,7,5",Y,R,R,0,1,2,1,0,
2025-08-12,51,Tokyo City Keiba,8,TOKYO CITY KEIBA C1,"15,2,10",gbm_rank,"2,12,11",Y,R,R,0,1,2,1,0,
2025-08-12,51,Tokyo City Keiba,8,TOKYO CITY KEIBA C1,"15,2,10",gbm_reg,"12,7,4",R,R,R,0,0,3,0,0,
2025-08-12,51,Tokyo City Keiba,8,TOKYO CITY KEIBA C1,"15,2,10",nn,"2,3,11",Y,R,R,0,1,2,1,0,
2025-08-12,51,Tokyo City Keiba,9,TOKYO CITY KEIBA A,"1,5,12",gbm_rank,"1,12,10",G,Y,R,1,1,1,2,1,
2025-08-12,51,Tokyo City Keiba,9,TOKYO CITY KEIBA A,"1,5,12",gbm_reg,"10,1,3",R,Y,R,0,1,2,1,0,
2025-08-12,51,Tokyo City Keiba,9,TOKYO CITY KEIBA A,"1,5,12",nn,"7,1,3",R,Y,R,0,1,2,1,0,
2025-08-12,51,Tokyo City Keiba,10,TOKYO CITY KEIBA B2,"7,12,9",gbm_rank,"13,12,9",R,G,G,2,0,1,2,2,
2025-08-12,51,Tokyo City Keiba,10,TOKYO CITY KEIBA B2,"7,12,9",gbm_reg,"12,13,14",Y,R,R,0,1,2,1,0,
2025-08-12,51,Tokyo City Keiba,10,TOKYO CITY KEIBA B2,"7,12,9",nn,"6,3,10",R,R,R,0,0,3,0,0,
2025-08-12,52,Saint Malo,1,PRIX KING BLACK - ATTELE,"9,3,5",gbm_rank,"2,3,4",R,G,R,1,0,2,1,1,
2025-08-12,52,Saint Malo,1,PRIX KING BLACK - ATTELE,"9,3,5",gbm_reg,"2,3,4",R,G,R,1,0,2,1,1,
2025-08-12,52,Saint Malo,1,PRIX KING BLACK - ATTELE,"9,3,5",nn,"2,3,4",R,G,R,1,0,2,1,1,
2025-08-12,52,Saint Malo,2,PRIX FRANCE ALZHEIMER - ATTELE,"3,5,7",gbm_rank,"1,2,3",R,R,Y,0,1,2,1,0,
2025-08-12,52,Saint Malo,2,PRIX FRANCE ALZHEIMER - ATTELE,"3,5,7",gbm_reg,"1,2,3",R,R,Y,0,1,2,1,0,
2025-08-12,52,Saint Malo,2,PRIX FRANCE ALZHEIMER - ATTELE,"3,5,7",nn,"1,2,3",R,R,Y,0,1,2,1,0,
2025-08-12,52,Saint Malo,3,PRIX DE SAINT-LUNAIRE - ATTELE,"9,3,12",gbm_rank,"1,2,3",R,R,Y,0,1,2,1,0,
2025-08-12,52,Saint Malo,3,PRIX DE SAINT-LUNAIRE - ATTELE,"9,3,12",gbm_reg,"1,3,4",R,G,R,1,0,2,1,1,
2025-08-12,52,Saint Malo,3,PRIX DE SAINT-LUNAIRE - ATTELE,"9,3,12",nn,"1,2,3",R,R,Y,0,1,2,1,0,
2025-08-12,52,Saint Malo,4,PRIX YVONNICK ET JEAN-YVES BODIN - MONTE,"3,11,5",gbm_rank,"1,2,3",R,R,Y,0,1,2,1,0,
2025-08-12,52,Saint Malo,4,PRIX YVONNICK ET JEAN-YVES BODIN - MONTE,"3,11,5",gbm_reg,"1,2,3",R,R,Y,0,1,2,1,0,
2025-08-12,52,Saint Malo,4,PRIX YVONNICK ET JEAN-YVES BODIN - MONTE,"3,11,5",nn,"1,4,11",R,R,Y,0,1,2,1,0,
2025-08-12,52,Saint Malo,5,PRIX HENRI LEVESQUE - ATTELE,"14,9,10",gbm_rank,"7,8,6",R,R,R,0,0,3,0,0,
2025-08-12,52,Saint Malo,5,PRIX HENRI LEVESQUE - ATTELE,"14,9,10",gbm_reg,"1,2,3",R,R,R,0,0,3,0,0,
2025-08-12,52,Saint Malo,5,PRIX HENRI LEVESQUE - ATTELE,"14,9,10",nn,"1,2,3",R,R,R,0,0,3,0,0,
2025-08-12,52,Saint Malo,6,PRIX LEOPOLD VERROKEN - ATTELE,"12,4,2",gbm_rank,"1,2,3",R,Y,R,0,1,2,1,0,
2025-08-12,52,Saint Malo,6,PRIX LEOPOLD VERROKEN - ATTELE,"12,4,2",gbm_reg,"1,2,3",R,Y,R,0,1,2,1,0,
2025-08-12,52,Saint Malo,6,PRIX LEOPOLD VERROKEN - ATTELE,"12,4,2",nn,"1,2,3",R,Y,R,0,1,2,1,0,
2025-08-12,52,Saint Malo,7,PRIX DES VANS MTM - ATTELE,"7,1,11",gbm_rank,"1,2,3",Y,R,R,0,1,2,1,0,
2025-08-12,52,Saint Malo,7,PRIX DES VANS MTM - ATTELE,"7,1,11",gbm_reg,"1,2,3",Y,R,R,0,1,2,1,0,
2025-08-12,52,Saint Malo,7,PRIX DES VANS MTM - ATTELE,"7,1,11",nn,"1,2,3",Y,R,R,0,1,2,1,0,
2025-08-12,52,Saint Malo,8,PRIX DU PMU LE COURTOISVILLE - ATTELE,"9,7,4",gbm_rank,"1,2,3",R,R,R,0,0,3,0,0,
2025-08-12,52,Saint Malo,8,PRIX DU PMU LE COURTOISVILLE - ATTELE,"9,7,4",gbm_reg,"1,2,3",R,R,R,0,0,3,0,0,
2025-08-12,52,Saint Malo,8,PRIX DU PMU LE COURTOISVILLE - ATTELE,"9,7,4",nn,"1,2,3",R,R,R,0,0,3,0,0,
2025-08-12,53,Deauville,1,D'ABLON CLAIMING STAKES,"5,7,2",gbm_rank,"10,8,9",R,R,R,0,0,3,0,0,
2025-08-12,53,Deauville,1,D'ABLON CLAIMING STAKES,"5,7,2",gbm_reg,"5,2,4",G,Y,R,1,1,1,2,1,
2025-08-12,53,Deauville,1,D'ABLON CLAIMING STAKES,"5,7,2",nn,"12,4,10",R,R,R,0,0,3,0,0,
2025-08-12,53,Deauville,2,LA FORGE STAKES,"3,2",gbm_rank,"2,1,4",Y,Y,R,0,2,1,2,0,
2025-08-12,53,Deauville,2,LA FORGE STAKES,"3,2",gbm_reg,"4,3,2",R,Y,Y,0,2,1,2,0,
2025-08-12,53,Deauville,2,LA FORGE STAKES,"3,2",nn,"3,5,1",G,R,G,2,0,1,2,2,
2025-08-12,53,Deauville,3,CHAT DE MIROMESNIL CLAIMING STAKES,"5,2,3",gbm_rank,"10,2,5",R,G,Y,1,1,1,2,1,
2025-08-12,53,Deauville,3,CHAT DE MIROMESNIL CLAIMING STAKES,"5,2,3",gbm_reg,"5,15,1",G,R,R,1,0,2,1,1,
2025-08-12,53,Deauville,3,CHAT DE MIROMESNIL CLAIMING STAKES,"5,2,3",nn,"8,3,1",R,Y,R,0,1,2,1,0,
2025-08-12,53,Deauville,4,PREN-EN-PAIL CLAIMING STAKES,"5,4,9",gbm_rank,"2,8,7",R,R,R,0,0,3,0,0,
2025-08-12,53,Deauville,4,PREN-EN-PAIL CLAIMING STAKES,"5,4,9",gbm_reg,"8,9,2",R,Y,R,0,1,2,1,0,
2025-08-12,53,Deauville,4,PREN-EN-PAIL CLAIMING STAKES,"5,4,9",nn,"1,8,2",R,R,R,0,0,3,0,0,
2025-08-12,53,Deauville,5,QUAI ST-ETIENNE HANDICAP,"12,11,15",gbm_rank,"1,6,3",R,R,R,0,0,3,0,0,
2025-08-12,53,Deauville,5,QUAI ST-ETIENNE HANDICAP,"12,11,15",gbm_reg,"9,1,11",R,R,Y,0,1,2,1,0,
2025-08-12,53,Deauville,5,QUAI ST-ETIENNE HANDICAP,"12,11,15",nn,"11,5,13",Y,R,R,0,1,2,1,0,
2025-08-12,53,Deauville,6,BERGERIES HANDICAP,"7,2,1",gbm_rank,"6,7,10",R,Y,R,0,1,2,1,0,
2025-08-12,53,Deauville,6,BERGERIES HANDICAP,"7,2,1",gbm_reg,"2,3,7",Y,R,Y,0,2,1,2,0,
2025-08-12,53,Deauville,6,BERGERIES HANDICAP,"7,2,1",nn,"4,1,3",R,Y,R,0,1,2,1,0,
2025-08-12,53,Deauville,7,CHENETTES HANDICAP,"5,7,3",gbm_rank,"1,11,2",R,R,R,0,0,3,0,0,
2025-08-12,53,Deauville,7,CHENETTES HANDICAP,"5,7,3",gbm_reg,"3,7,8",Y,G,R,1,1,1,2,1,
2025-08-12,53,Deauville,7,CHENETTES HANDICAP,"5,7,3",nn,"5,9,12",G,R,R,1,0,2,1,1,
2025-08-12,53,Deauville,8,QUAI DE LA QUARANTAINE HANDICAP,"2,5,11",gbm_rank,"11,9,16",Y,R,R,0,1,2,1,0,
2025-08-12,53,Deauville,8,QUAI DE LA QUARANTAINE HANDICAP,"2,5,11",gbm_reg,"11,15,1",Y,R,R,0,1,2,1,0,
2025-08-12,53,Deauville,8,QUAI DE LA QUARANTAINE HANDICAP,"2,5,11",nn,"7,1,9",R,R,R,0,0,3,0,0,
2025-08-12,60,Ellis Park,1,RACE 1 - CLAIMING,"1,4,2",gbm_rank,"4,2,8",Y,Y,R,0,2,1,2,0,
2025-08-12,60,Ellis Park,1,RACE 1 - CLAIMING,"1,4,2",gbm_reg,"2,3,1",Y,R,Y,0,2,1,2,0,
2025-08-12,60,Ellis Park,1,RACE 1 - CLAIMING,"1,4,2",nn,"4,3,6",Y,R,R,0,1,2,1,0,
2025-08-12,60,Ellis Park,2,RACE 2 - ALLOWANCE,"1,2",gbm_rank,"5,4,2",Y,R,Y,0,2,1,2,0,
2025-08-12,60,Ellis Park,2,RACE 2 - ALLOWANCE,"1,2",gbm_reg,"2,1,3",Y,Y,R,0,2,1,2,0,
2025-08-12,60,Ellis Park,2,RACE 2 - ALLOWANCE,"1,2",nn,"5,2,1",Y,G,Y,1,2,0,3,1,
2025-08-12,60,Ellis Park,3,RACE 3 - MAIDEN CLAIMING,"8,1,3",gbm_rank,"8,3,7",G,Y,R,1,1,1,2,1,
2025-08-12,60,Ellis Park,3,RACE 3 - MAIDEN CLAIMING,"8,1,3",gbm_reg,"4,7,3",R,R,G,1,0,2,1,1,
2025-08-12,60,Ellis Park,3,RACE 3 - MAIDEN CLAIMING,"8,1,3",nn,"4,6,3",R,R,G,1,0,2,1,1,
2025-08-12,60,Ellis Park,4,RACE 4 - MAIDEN SPECIAL WEIGHT,"1,6,15",gbm_rank,"1,11,15",G,R,G,2,0,1,2,2,
2025-08-12,60,Ellis Park,4,RACE 4 - MAIDEN SPECIAL WEIGHT,"1,6,15",gbm_reg,"6,1,2",Y,Y,R,0,2,1,2,0,
2025-08-12,60,Ellis Park,4,RACE 4 - MAIDEN SPECIAL WEIGHT,"1,6,15",nn,"1,10,3",G,R,R,1,0,2,1,1,
2025-08-12,60,Ellis Park,5,RACE 5 - MAIDEN SPECIAL WEIGHT,"9,2,3",gbm_rank,"7,11,3",R,R,G,1,0,2,1,1,
2025-08-12,60,Ellis Park,5,RACE 5 - MAIDEN SPECIAL WEIGHT,"9,2,3",gbm_reg,"1,3,2",R,Y,Y,0,2,1,2,0,
2025-08-12,60,Ellis Park,5,RACE 5 - MAIDEN SPECIAL WEIGHT,"9,2,3",nn,"2,11,9",Y,R,Y,0,2,1,2,0,
2025-08-12,60,Ellis Park,6,RACE 6 - STARTER ALLOWANCE,"5,1",gbm_rank,"5,7,1",G,R,Y,1,1,1,2,1,
2025-08-12,60,Ellis Park,6,RACE 6 - STARTER ALLOWANCE,"5,1",gbm_reg,"2,3,5",R,Y,Y,0,2,1,2,0,
2025-08-12,60,Ellis Park,6,RACE 6 - STARTER ALLOWANCE,"5,1",nn,"5,2,1",G,R,Y,1,1,1,2,1,
2025-08-12,60,Ellis Park,7,RACE 7 - MAIDEN CLAIMING,"7,10,1",gbm_rank,"13,4,3",R,R,R,0,0,3,0,0,
2025-08-12,60,Ellis Park,7,RACE 7 - MAIDEN CLAIMING,"7,10,1",gbm_reg,"7,2,4",G,R,R,1,0,2,1,1,
2025-08-12,60,Ellis Park,7,RACE 7 - MAIDEN CLAIMING,"7,10,1",nn,"4,10,7",R,G,Y,1,1,1,2,1,
2025-08-12,60,Ellis Park,8,RACE 8 - ALLOWANCE OPTIONAL CLAIMING,"5,4",gbm_rank,"4,2,7",Y,Y,R,0,2,1,2,0,
2025-08-12,60,Ellis Park,8,RACE 8 - ALLOWANCE OPTIONAL CLAIMING,"5,4",gbm_reg,"5,1,3",G,R,R,1,0,2,1,1,
2025-08-12,60,Ellis Park,8,RACE 8 - ALLOWANCE OPTIONAL CLAIMING,"5,4",nn,"2,4,5",Y,G,Y,1,2,0,3,1,
2025-08-12,60,Ellis Park,9,RACE 9 - MAIDEN SPECIAL WEIGHT,"3,6,5",gbm_rank,"11,3,9",R,Y,R,0,1,2,1,0,
2025-08-12,60,Ellis Park,9,RACE 9 - MAIDEN SPECIAL WEIGHT,"3,6,5",gbm_reg,"7,6,1",R,G,R,1,0,2,1,1,
2025-08-12,60,Ellis Park,9,RACE 9 - MAIDEN SPECIAL WEIGHT,"3,6,5",nn,"9,11,3",R,R,Y,0,1,2,1,0,
2025-08-12,61,Thistledown,1,RACE 1 - ALLOWANCE,"6,4,10",gbm_rank,"3,10,8",R,Y,R,0,1,2,1,0,
2025-08-12,61,Thistledown,1,RACE 1 - ALLOWANCE,"6,4,10",gbm_reg,"5,6,3",R,Y,R,0,1,2,1,0,
2025-08-12,61,Thistledown,1,RACE 1 - ALLOWANCE,"6,4,10",nn,"5,4,2",R,G,R,1,0,2,1,1,
2025-08-12,61,Thistledown,2,RACE 2 - CLAIMING,"1,4",gbm_rank,"7,4,1",R,G,Y,1,1,1,2,1,
2025-08-12,61,Thistledown,2,RACE 2 - CLAIMING,"1,4",gbm_reg,"3,8,4",R,R,Y,0,1,2,1,0,
2025-08-12,61,Thistledown,2,RACE 2 - CLAIMING,"1,4",nn,"7,4,3",R,G,R,1,0,2,1,1,
2025-08-12,61,Thistledown,3,RACE 3 - CLAIMING,"1,8,4",gbm_rank,"5,2,4",R,R,G,1,0,2,1,1,
2025-08-12,61,Thistledown,3,RACE 3 - CLAIMING,"1,8,4",gbm_reg,"2,1,3",R,Y,R,0,1,2,1,0,
2025-08-12,61,Thistledown,3,RACE 3 - CLAIMING,"1,8,4",nn,"2,4,5",R,Y,R,0,1,2,1,0,
2025-08-12,61,Thistledown,4,RACE 4 - STARTER OPTIONAL CLAIMING,"5,1",gbm_rank,"1,4,6",Y,R,R,0,1,2,1,0,
2025-08-12,61,Thistledown,4,RACE 4 - STARTER OPTIONAL CLAIMING,"5,1",gbm_reg,"5,1,3",G,G,G,3,0,0,3,3,
2025-08-12,61,Thistledown,4,RACE 4 - STARTER OPTIONAL CLAIMING,"5,1",nn,"4,3,6",R,Y,R,0,1,2,1,0,
2025-08-12,61,Thistledown,5,RACE 5 - ALLOWANCE,"6,5",gbm_rank,"2,7,3",R,R,R,0,0,3,0,0,
2025-08-12,61,Thistledown,5,RACE 5 - ALLOWANCE,"6,5",gbm_reg,"2,3,1",R,R,G,1,0,2,1,1,
2025-08-12,61,Thistledown,5,RACE 5 - ALLOWANCE,"6,5",nn,"2,5,4",R,G,R,1,0,2,1,1,
2025-08-12,61,Thistledown,6,RACE 6 - CLAIMING,"1,2",gbm_rank,"1,4,2",G,R,Y,1,1,1,2,1,
2025-08-12,61,Thistledown,6,RACE 6 - CLAIMING,"1,2",gbm_reg,"4,1,2",R,Y,Y,0,2,1,2,0,
2025-08-12,61,Thistledown,6,RACE 6 - CLAIMING,"1,2",nn,"5,1,3",R,Y,R,0,1,2,1,0,
2025-08-12,61,Thistledown,7,RACE 7 - CLAIMING,"3,8,7",gbm_rank,"6,7,8",R,Y,Y,0,2,1,2,0,
2025-08-12,61,Thistledown,7,RACE 7 - CLAIMING,"3,8,7",gbm_reg,"6,2,3",R,R,Y,0,1,2,1,0,
2025-08-12,61,Thistledown,7,RACE 7 - CLAIMING,"3,8,7",nn,"6,3,1",R,Y,R,0,1,2,1,0,
2025-08-12,61,Thistledown,8,RACE 8 - CLAIMING,"5,1,3",gbm_rank,"5,8,3",G,R,G,2,0,1,2,2,
2025-08-12,61,Thistledown,8,RACE 8 - CLAIMING,"5,1,3",gbm_reg,"1,3,2",Y,Y,R,0,2,1,2,0,
2025-08-12,61,Thistledown,8,RACE 8 - CLAIMING,"5,1,3",nn,"2,3,1",R,Y,Y,0,2,1,2,0,
2025-08-12,62,Finger Lakes,1,RACE 1 - ALLOWANCE,"1,4",gbm_rank,"6,3,5",R,R,R,0,0,3,0,0,
2025-08-12,62,Finger Lakes,1,RACE 1 - ALLOWANCE,"1,4",gbm_reg,"6,1,3",R,Y,R,0,1,2,1,0,
2025-08-12,62,Finger Lakes,1,RACE 1 - ALLOWANCE,"1,4",nn,"1,2,5",G,Y,R,1,1,1,2,1,
2025-08-12,62,Finger Lakes,2,RACE 2 - ALLOWANCE,4,gbm_rank,"4,5,3",G,Y,R,1,1,1,2,1,
2025-08-12,62,Finger Lakes,2,RACE 2 - ALLOWANCE,4,gbm_reg,"4,3,5",G,R,G,2,0,1,2,2,
2025-08-12,62,Finger Lakes,2,RACE 2 - ALLOWANCE,4,nn,"5,6,3",Y,G,R,1,1,1,2,1,
2025-08-12,62,Finger Lakes,3,RACE 3 - MAIDEN SPECIAL WEIGHT,"4,2,7",gbm_rank,"5,4,9",R,Y,R,0,1,2,1,0,
2025-08-12,62,Finger Lakes,3,RACE 3 - MAIDEN SPECIAL WEIGHT,"4,2,7",gbm_reg,"2,3,4",Y,R,Y,0,2,1,2,0,
2025-08-12,62,Finger Lakes,3,RACE 3 - MAIDEN SPECIAL WEIGHT,"4,2,7",nn,"7,6,4",Y,R,Y,0,2,1,2,0,
2025-08-12,62,Finger Lakes,4,RACE 4 - MAIDEN SPECIAL WEIGHT,"2,3,8",gbm_rank,"9,4,2",R,R,Y,0,1,2,1,0,
2025-08-12,62,Finger Lakes,4,RACE 4 - MAIDEN SPECIAL WEIGHT,"2,3,8",gbm_reg,"6,1,3",R,R,Y,0,1,2,1,0,
2025-08-12,62,Finger Lakes,4,RACE 4 - MAIDEN SPECIAL WEIGHT,"2,3,8",nn,"1,9,4",R,R,R,0,0,3,0,0,
2025-08-12,62,Finger Lakes,5,RACE 5 - CLAIMING,"2,8,9",gbm_rank,"4,6,9",R,R,G,1,0,2,1,1,
2025-08-12,62,Finger Lakes,5,RACE 5 - CLAIMING,"2,8,9",gbm_reg,"5,7,3",R,R,R,0,0,3,0,0,
2025-08-12,62,Finger Lakes,5,RACE 5 - CLAIMING,"2,8,9",nn,"3,6,2",R,R,Y,0,1,2,1,0,
2025-08-12,62,Finger Lakes,6,RACE 6 - MAIDEN CLAIMING,"5,6",gbm_rank,"8,4,9",R,R,R,0,0,3,0,0,
2025-08-12,62,Finger Lakes,6,RACE 6 - MAIDEN CLAIMING,"5,6",gbm_reg,"8,9,4",R,R,R,0,0,3,0,0,
2025-08-12,62,Finger Lakes,6,RACE 6 - MAIDEN CLAIMING,"5,6",nn,"8,6,5",R,G,Y,1,1,1,2,1,
2025-08-12,62,Finger Lakes,7,RACE 7 - CLAIMING,"6,3",gbm_rank,"3,6,2",Y,Y,R,0,2,1,2,0,
2025-08-12,62,Finger Lakes,7,RACE 7 - CLAIMING,"6,3",gbm_reg,"6,1,5",G,Y,R,1,1,1,2,1,
2025-08-12,62,Finger Lakes,7,RACE 7 - CLAIMING,"6,3",nn,"1,7,3",Y,R,Y,0,2,1,2,0,
2025-08-12,62,Finger Lakes,8,RACE 8 - MAIDEN SPECIAL WEIGHT,"6,4,3",gbm_rank,"6,3,5",G,Y,R,1,1,1,2,1,
2025-08-12,62,Finger Lakes,8,RACE 8 - MAIDEN SPECIAL WEIGHT,"6,4,3",gbm_reg,"6,2,5",G,R,R,1,0,2,1,1,
2025-08-12,62,Finger Lakes,8,RACE 8 - MAIDEN SPECIAL WEIGHT,"6,4,3",nn,"1,3,4",R,Y,Y,0,2,1,2,0,
2025-08-12,63,Presque Isle Downs,1,RACE 1 - MAIDEN CLAIMING,"4,2",gbm_rank,"6,5,4",Y,R,Y,0,2,1,2,0,
2025-08-12,63,Presque Isle Downs,1,RACE 1 - MAIDEN CLAIMING,"4,2",gbm_reg,"4,6,2",G,Y,Y,1,2,0,3,1,
2025-08-12,63,Presque Isle Downs,1,RACE 1 - MAIDEN CLAIMING,"4,2",nn,"5,4,1",R,Y,R,0,1,2,1,0,
2025-08-12,63,Presque Isle Downs,2,RACE 2 - MAIDEN CLAIMING,"9,5,7",gbm_rank,"9,7,2",G,Y,R,1,1,1,2,1,
2025-08-12,63,Presque Isle Downs,2,RACE 2 - MAIDEN CLAIMING,"9,5,7",gbm_reg,"1,2,5",R,R,Y,0,1,2,1,0,
2025-08-12,63,Presque Isle Downs,2,RACE 2 - MAIDEN CLAIMING,"9,5,7",nn,"2,1,6",R,R,R,0,0,3,0,0,
2025-08-12,63,Presque Isle Downs,3,RACE 3 - ALLOWANCE,"3,6",gbm_rank,"1,4,3",Y,R,Y,0,2,1,2,0,
2025-08-12,63,Presque Isle Downs,3,RACE 3 - ALLOWANCE,"3,6",gbm_reg,"1,6,3",Y,G,Y,1,2,0,3,1,
2025-08-12,63,Presque Isle Downs,3,RACE 3 - ALLOWANCE,"3,6",nn,"1,3,5",Y,Y,R,0,2,1,2,0,
2025-08-12,63,Presque Isle Downs,4,RACE 4 - CLAIMING,"2,7",gbm_rank,"7,4,5",Y,R,R,0,1,2,1,0,
2025-08-12,63,Presque Isle Downs,4,RACE 4 - CLAIMING,"2,7",gbm_reg,"7,2,4",Y,Y,R,0,2,1,2,0,
2025-08-12,63,Presque Isle Downs,4,RACE 4 - CLAIMING,"2,7",nn,"2,4,5",G,R,R,1,0,2,1,1,
2025-08-12,63,Presque Isle Downs,5,RACE 5 - CLAIMING,"5,7",gbm_rank,"5,6,2",G,R,G,2,0,1,2,2,
2025-08-12,63,Presque Isle Downs,5,RACE 5 - CLAIMING,"5,7",gbm_reg,"2,5,3",Y,Y,R,0,2,1,2,0,
2025-08-12,63,Presque Isle Downs,5,RACE 5 - CLAIMING,"5,7",nn,"1,2,3",R,Y,R,0,1,2,1,0,
2025-08-12,63,Presque Isle Downs,6,RACE 6 - CLAIMING,"5,7,2",gbm_rank,"1,5,3",R,Y,R,0,1,2,1,0,
2025-08-12,63,Presque Isle Downs,6,RACE 6 - CLAIMING,"5,7,2",gbm_reg,"1,6,7",R,R,Y,0,1,2,1,0,
2025-08-12,63,Presque Isle Downs,6,RACE 6 - CLAIMING,"5,7,2",nn,"4,7,2",R,G,G,2,0,1,2,2,
2025-08-12,63,Presque Isle Downs,7,AVERY WHISMAN MEMORIAL S. STAKES,"6,9",gbm_rank,"5,9,8",R,G,G,2,0,1,2,2,
2025-08-12,63,Presque Isle Downs,7,AVERY WHISMAN MEMORIAL S. STAKES,"6,9",gbm_reg,"5,2,3",R,R,R,0,0,3,0,0,
2025-08-12,63,Presque Isle Downs,7,AVERY WHISMAN MEMORIAL S. STAKES,"6,9",nn,"7,2,6",R,R,Y,0,1,2,1,0,
2025-08-12,63,Presque Isle Downs,8,RACE 8 - CLAIMING,"5,8,4",gbm_rank,"5,2,1",G,R,R,1,0,2,1,1,
2025-08-12,63,Presque Isle Downs,8,RACE 8 - CLAIMING,"5,8,4",gbm_reg,"3,10,2",R,R,R,0,0,3,0,0,
2025-08-12,63,Presque Isle Downs,8,RACE 8 - CLAIMING,"5,8,4",nn,"3,7,2",R,R,R,0,0,3,0,0,
2025-08-12,64,Fort Erie,1,RACE 1 - CLAIMING,5,gbm_rank,"1,3,4",Y,R,G,1,1,1,2,1,
2025-08-12,64,Fort Erie,1,RACE 1 - CLAIMING,5,gbm_reg,"1,3,4",Y,R,G,1,1,1,2,1,
2025-08-12,64,Fort Erie,1,RACE 1 - CLAIMING,5,nn,"1,3,5",Y,R,Y,0,2,1,2,0,
2025-08-12,64,Fort Erie,2,RACE 2 - CLAIMING,"2,1",gbm_rank,"1,2,3",Y,Y,R,0,2,1,2,0,
2025-08-12,64,Fort Erie,2,RACE 2 - CLAIMING,"2,1",gbm_reg,"1,2,3",Y,Y,R,0,2,1,2,0,
2025-08-12,64,Fort Erie,2,RACE 2 - CLAIMING,"2,1",nn,"2,1,4",G,G,G,3,0,0,3,3,
2025-08-12,64,Fort Erie,3,RACE 3 - MAIDEN CLAIMING,"4,5",gbm_rank,"5,4,3",Y,Y,R,0,2,1,2,0,
2025-08-12,64,Fort Erie,3,RACE 3 - MAIDEN CLAIMING,"4,5",gbm_reg,"1,2,3",R,R,R,0,0,3,0,0,
2025-08-12,64,Fort Erie,3,RACE 3 - MAIDEN CLAIMING,"4,5",nn,"5,4,3",Y,Y,R,0,2,1,2,0,
2025-08-12,64,Fort Erie,4,RACE 4 - CLAIMING,"2,4",gbm_rank,"5,4,6",R,G,G,2,0,1,2,2,
2025-08-12,64,Fort Erie,4,RACE 4 - CLAIMING,"2,4",gbm_reg,"2,3,4",G,R,Y,1,1,1,2,1,
2025-08-12,64,Fort Erie,4,RACE 4 - CLAIMING,"2,4",nn,"5,3,2",R,R,Y,0,1,2,1,0,
2025-08-12,64,Fort Erie,5,RACE 5 - ALLOWANCE,"2,6",gbm_rank,"7,6,5",R,G,G,2,0,1,2,2,
2025-08-12,64,Fort Erie,5,RACE 5 - ALLOWANCE,"2,6",gbm_reg,"2,3,1",G,R,R,1,0,2,1,1,
2025-08-12,64,Fort Erie,5,RACE 5 - ALLOWANCE,"2,6",nn,"6,4,2",Y,R,Y,0,2,1,2,0,
2025-08-12,64,Fort Erie,6,RACE 6 - CLAIMING,"6,5,3",gbm_rank,"4,7,1",R,R,R,0,0,3,0,0,
2025-08-12,64,Fort Erie,6,RACE 6 - CLAIMING,"6,5,3",gbm_reg,"5,1,4",Y,R,R,0,1,2,1,0,
2025-08-12,64,Fort Erie,6,RACE 6 - CLAIMING,"6,5,3",nn,"2,1,5",R,R,Y,0,1,2,1,0,
2025-08-12,65,Mountaineer Park,1,RACE 1 - MAIDEN SPECIAL WEIGHT,"3,6,9",gbm_rank,"6,4,5",Y,R,R,0,1,2,1,0,
2025-08-12,65,Mountaineer Park,1,RACE 1 - MAIDEN SPECIAL WEIGHT,"3,6,9",gbm_reg,"8,1,3",R,R,Y,0,1,2,1,0,
2025-08-12,65,Mountaineer Park,1,RACE 1 - MAIDEN SPECIAL WEIGHT,"3,6,9",nn,"5,1,8",R,R,R,0,0,3,0,0,
2025-08-12,65,Mountaineer Park,2,RACE 2 - MAIDEN SPECIAL WEIGHT,"8,4,2",gbm_rank,"4,6,7",Y,R,R,0,1,2,1,0,
2025-08-12,65,Mountaineer Park,2,RACE 2 - MAIDEN SPECIAL WEIGHT,"8,4,2",gbm_reg,"1,2,3",R,Y,R,0,1,2,1,0,
2025-08-12,65,Mountaineer Park,2,RACE 2 - MAIDEN SPECIAL WEIGHT,"8,4,2",nn,"1,6,4",R,R,Y,0,1,2,1,0,
2025-08-12,65,Mountaineer Park,3,RACE 3 - CLAIMING,"1,7,3",gbm_rank,"8,7,10",R,G,R,1,0,2,1,1,
2025-08-12,65,Mountaineer Park,3,RACE 3 - CLAIMING,"1,7,3",gbm_reg,"1,3,4",G,Y,R,1,1,1,2,1,
2025-08-12,65,Mountaineer Park,3,RACE 3 - CLAIMING,"1,7,3",nn,"5,3,4",R,Y,R,0,1,2,1,0,
2025-08-12,65,Mountaineer Park,4,RACE 4 - ALLOWANCE,"10,6,12",gbm_rank,"10,3,1",G,R,R,1,0,2,1,1,
2025-08-12,65,Mountaineer Park,4,RACE 4 - ALLOWANCE,"10,6,12",gbm_reg,"1,2,4",R,R,R,0,0,3,0,0,
2025-08-12,65,Mountaineer Park,4,RACE 4 - ALLOWANCE,"10,6,12",nn,"7,2,4",R,R,R,0,0,3,0,0,
2025-08-12,65,Mountaineer Park,5,RACE 5 - CLAIMING,"8,2,6",gbm_rank,"8,2,3",G,G,R,2,0,1,2,2,
2025-08-12,65,Mountaineer Park,5,RACE 5 - CLAIMING,"8,2,6",gbm_reg,"2,1,5",Y,R,R,0,1,2,1,0,
2025-08-12,65,Mountaineer Park,5,RACE 5 - CLAIMING,"8,2,6",nn,"1,2,4",R,G,R,1,0,2,1,1,
2025-08-12,65,Mountaineer Park,6,RACE 6 - CLAIMING,"5,1",gbm_rank,"2,1,4",Y,G,R,1,1,1,2,1,
2025-08-12,65,Mountaineer Park,6,RACE 6 - CLAIMING,"5,1",gbm_reg,"1,2,3",Y,Y,R,0,2,1,2,0,
2025-08-12,65,Mountaineer Park,6,RACE 6 - CLAIMING,"5,1",nn,"5,2,4",G,Y,R,1,1,1,2,1,
2025-08-12,65,Mountaineer Park,7,RACE 7 - CLAIMING,"4,5",gbm_rank,"3,6,1",R,R,G,1,0,2,1,1,
2025-08-12,65,Mountaineer Park,7,RACE 7 - CLAIMING,"4,5",gbm_reg,"1,2,3",Y,R,R,0,1,2,1,0,
2025-08-12,65,Mountaineer Park,7,RACE 7 - CLAIMING,"4,5",nn,"3,4,1",R,Y,G,1,1,1,2,1,
2025-08-12,65,Mountaineer Park,8,RACE 8 - CLAIMING,"6,7,1",gbm_rank,"7,6,8",Y,Y,R,0,2,1,2,0,
2025-08-12,65,Mountaineer Park,8,RACE 8 - CLAIMING,"6,7,1",gbm_reg,"1,5,6",Y,R,Y,0,2,1,2,0,
2025-08-12,65,Mountaineer Park,8,RACE 8 - CLAIMING,"6,7,1",nn,"4,8,1",R,R,G,1,0,2,1,1,
2025-08-12,66,Yonkers Raceway,1,RACE 1,"3,6,8",gbm_rank,"5,8,1",R,Y,R,0,1,2,1,0,
2025-08-12,66,Yonkers Raceway,1,RACE 1,"3,6,8",gbm_reg,"4,5,1",R,R,R,0,0,3,0,0,
2025-08-12,66,Yonkers Raceway,1,RACE 1,"3,6,8",nn,"1,2,3",R,R,Y,0,1,2,1,0,
2025-08-12,66,Yonkers Raceway,2,RACE 2,"1,4",gbm_rank,"6,4,3",R,G,R,1,0,2,1,1,
2025-08-12,66,Yonkers Raceway,2,RACE 2,"1,4",gbm_reg,"4,1,6",Y,Y,R,0,2,1,2,0,
2025-08-12,66,Yonkers Raceway,2,RACE 2,"1,4",nn,"1,2,3",G,Y,R,1,1,1,2,1,
2025-08-12,66,Yonkers Raceway,3,RACE 3,"4,6,1",gbm_rank,"5,3,7",R,R,R,0,0,3,0,0,
2025-08-12,66,Yonkers Raceway,3,RACE 3,"4,6,1",gbm_reg,"4,5,1",G,R,G,2,0,1,2,2,
2025-08-12,66,Yonkers Raceway,3,RACE 3,"4,6,1",nn,"1,2,3",Y,R,R,0,1,2,1,0,
2025-08-12,66,Yonkers Raceway,4,RACE 4,"1,5,3",gbm_rank,"4,6,5",R,R,Y,0,1,2,1,0,
2025-08-12,66,Yonkers Raceway,4,RACE 4,"1,5,3",gbm_reg,"4,5,1",R,G,Y,1,1,1,2,1,
2025-08-12,66,Yonkers Raceway,4,RACE 4,"1,5,3",nn,"1,2,3",G,R,G,2,0,1,2,2,
2025-08-12,66,Yonkers Raceway,5,RACE 5,"6,3,4",gbm_rank,"8,4,2",R,Y,R,0,1,2,1,0,
2025-08-12,66,Yonkers Raceway,5,RACE 5,"6,3,4",gbm_reg,"4,5,6",Y,R,Y,0,2,1,2,0,
2025-08-12,66,Yonkers Raceway,5,RACE 5,"6,3,4",nn,"1,2,3",R,R,Y,0,1,2,1,0,
2025-08-12,66,Yonkers Raceway,6,RACE 6,"4,2,5",gbm_rank,"4,1,7",G,R,R,1,0,2,1,1,
2025-08-12,66,Yonkers Raceway,6,RACE 6,"4,2,5",gbm_reg,"4,5,6",G,Y,R,1,1,1,2,1,
2025-08-12,66,Yonkers Raceway,6,RACE 6,"4,2,5",nn,"1,2,3",R,G,R,1,0,2,1,1,
2025-08-12,66,Yonkers Raceway,7,RACE 7,"4,1",gbm_rank,"6,4,3",R,Y,R,0,1,2,1,0,
2025-08-12,66,Yonkers Raceway,7,RACE 7,"4,1",gbm_reg,"4,5,6",G,R,R,1,0,2,1,1,
2025-08-12,66,Yonkers Raceway,7,RACE 7,"4,1",nn,"1,2,3",Y,R,R,0,1,2,1,0,
2025-08-12,66,Yonkers Raceway,8,RACE 8,"6,5",gbm_rank,"7,6,1",R,Y,R,0,1,2,1,0,
2025-08-12,66,Yonkers Raceway,8,RACE 8,"6,5",gbm_reg,"4,5,6",Y,G,Y,1,2,0,3,1,
2025-08-12,66,Yonkers Raceway,8,RACE 8,"6,5",nn,"1,2,3",R,R,R,0,0,3,0,0,
2025-08-12,66,Yonkers Raceway,9,RACE 9,"5,7,2",gbm_rank,"2,6,7",Y,R,Y,0,2,1,2,0,
2025-08-12,66,Yonkers Raceway,9,RACE 9,"5,7,2",gbm_reg,"4,5,6",R,Y,R,0,1,2,1,0,
2025-08-12,66,Yonkers Raceway,9,RACE 9,"5,7,2",nn,"1,2,3",R,Y,R,0,1,2,1,0,
2025-08-12,67,Woodbine Mohawk Park,1,RACE 1,"4,7,6",gbm_rank,"9,2,6",R,R,G,1,0,2,1,1,
2025-08-12,67,Woodbine Mohawk Park,1,RACE 1,"4,7,6",gbm_reg,"1,2,3",R,R,R,0,0,3,0,0,
2025-08-12,67,Woodbine Mohawk Park,1,RACE 1,"4,7,6",nn,"1,2,3",R,R,R,0,0,3,0,0,
2025-08-12,67,Woodbine Mohawk Park,2,RACE 2,"3,5",gbm_rank,"5,4,1",Y,R,G,1,1,1,2,1,
2025-08-12,67,Woodbine Mohawk Park,2,RACE 2,"3,5",gbm_reg,"1,2,3",Y,R,Y,0,2,1,2,0,
2025-08-12,67,Woodbine Mohawk Park,2,RACE 2,"3,5",nn,"1,2,3",Y,R,Y,0,2,1,2,0,
2025-08-12,67,Woodbine Mohawk Park,3,RACE 3,"2,1,6",gbm_rank,"5,6,9",R,Y,R,0,1,2,1,0,
2025-08-12,67,Woodbine Mohawk Park,3,RACE 3,"2,1,6",gbm_reg,"1,2,3",Y,Y,R,0,2,1,2,0,
2025-08-12,67,Woodbine Mohawk Park,3,RACE 3,"2,1,6",nn,"1,2,3",Y,Y,R,0,2,1,2,0,
2025-08-12,67,Woodbine Mohawk Park,4,RACE 4,"7,5,3",gbm_rank,"8,6,3",R,R,G,1,0,2,1,1,
2025-08-12,67,Woodbine Mohawk Park,4,RACE 4,"7,5,3",gbm_reg,"1,2,3",R,R,G,1,0,2,1,1,
2025-08-12,67,Woodbine Mohawk Park,4,RACE 4,"7,5,3",nn,"1,2,3",R,R,G,1,0,2,1,1,
2025-08-12,67,Woodbine Mohawk Park,5,RACE 5,"7,4,3",gbm_rank,"9,7,3",R,Y,G,1,1,1,2,1,
2025-08-12,67,Woodbine Mohawk Park,5,RACE 5,"7,4,3",gbm_reg,"8,1,3",R,R,G,1,0,2,1,1,
2025-08-12,67,Woodbine Mohawk Park,5,RACE 5,"7,4,3",nn,"1,2,3",R,R,G,1,0,2,1,1,
2025-08-12,67,Woodbine Mohawk Park,6,RACE 6,"6,5",gbm_rank,"7,6,2",Y,Y,R,0,2,1,2,0,
2025-08-12,67,Woodbine Mohawk Park,6,RACE 6,"6,5",gbm_reg,"1,2,3",R,R,R,0,0,3,0,0,
2025-08-12,67,Woodbine Mohawk Park,6,RACE 6,"6,5",nn,"1,2,3",R,R,R,0,0,3,0,0,
2025-08-12,67,Woodbine Mohawk Park,7,RACE 7,"3,8,5",gbm_rank,"1,2,7",R,R,R,0,0,3,0,0,
2025-08-12,67,Woodbine Mohawk Park,7,RACE 7,"3,8,5",gbm_reg,"1,2,3",R,R,Y,0,1,2,1,0,
2025-08-12,67,Woodbine Mohawk Park,7,RACE 7,"3,8,5",nn,"1,2,3",R,R,Y,0,1,2,1,0,
2025-08-12,67,Woodbine Mohawk Park,8,RACE 8,"6,2",gbm_rank,"2,5,1",Y,Y,R,0,2,1,2,0,
2025-08-12,67,Woodbine Mohawk Park,8,RACE 8,"6,2",gbm_reg,"1,2,4",R,G,R,1,0,2,1,1,
2025-08-12,67,Woodbine Mohawk Park,8,RACE 8,"6,2",nn,"1,2,4",R,G,R,1,0,2,1,1,
2025-08-12,67,Woodbine Mohawk Park,9,RACE 9,"6,5,8",gbm_rank,"4,3,6",R,R,Y,0,1,2,1,0,
2025-08-12,67,Woodbine Mohawk Park,9,RACE 9,"6,5,8",gbm_reg,"1,2,3",R,R,R,0,0,3,0,0,
2025-08-12,67,Woodbine Mohawk Park,9,RACE 9,"6,5,8",nn,"1,2,3",R,R,R,0,0,3,0,0,
2025-08-12,67,Woodbine Mohawk Park,10,RACE 10,"4,2,6",gbm_rank,"6,9,3",Y,R,R,0,1,2,1,0,
2025-08-12,67,Woodbine Mohawk Park,10,RACE 10,"4,2,6",gbm_reg,"1,2,3",R,G,R,1,0,2,1,1,
2025-08-12,67,Woodbine Mohawk Park,10,RACE 10,"4,2,6",nn,"1,2,3",R,G,R,1,0,2,1,1,
2025-08-12,68,Gavea,1,PREMIO PIERRE VAZ,"1,8,5",gbm_rank,"2,1,3",R,Y,R,0,1,2,1,0,
2025-08-12,68,Gavea,1,PREMIO PIERRE VAZ,"1,8,5",gbm_reg,"1,2,3",G,R,R,1,0,2,1,1,
2025-08-12,68,Gavea,1,PREMIO PIERRE VAZ,"1,8,5",nn,"5,4,1",Y,R,Y,0,2,1,2,0,
2025-08-12,68,Gavea,2,PREMIO OLAVO ROSA,"5,3",gbm_rank,"4,1,2",Y,R,R,0,1,2,1,0,
2025-08-12,68,Gavea,2,PREMIO OLAVO ROSA,"5,3",gbm_reg,"1,2,3",R,R,Y,0,1,2,1,0,
2025-08-12,68,Gavea,2,PREMIO OLAVO ROSA,"5,3",nn,"1,5,3",R,Y,Y,0,2,1,2,0,
2025-08-12,68,Gavea,3,PREMIO ARMANDO ROSA,"7,4,3",gbm_rank,"2,1,3",R,R,G,1,0,2,1,1,
2025-08-12,68,Gavea,3,PREMIO ARMANDO ROSA,"7,4,3",gbm_reg,"1,2,3",R,R,G,1,0,2,1,1,
2025-08-12,68,Gavea,3,PREMIO ARMANDO ROSA,"7,4,3",nn,"1,3,4",R,Y,Y,0,2,1,2,0,
2025-08-12,68,Gavea,4,PREMIO DENDICO GARCIA,"1,4",gbm_rank,"6,1,4",Y,Y,Y,0,3,0,3,0,
2025-08-12,68,Gavea,4,PREMIO DENDICO GARCIA,"1,4",gbm_reg,"1,2,4",G,R,Y,1,1,1,2,1,
2025-08-12,68,Gavea,4,PREMIO DENDICO GARCIA,"1,4",nn,"4,7,1",Y,R,Y,0,2,1,2,0,
2025-08-12,68,Gavea,5,PREMIO JOSE ALVES,"4,3,7",gbm_rank,"4,1,2",G,R,R,1,0,2,1,1,
2025-08-12,68,Gavea,5,PREMIO JOSE ALVES,"4,3,7",gbm_reg,"6,1,4",R,R,Y,0,1,2,1,0,
2025-08-12,68,Gavea,5,PREMIO JOSE ALVES,"4,3,7",nn,"1,5,2",R,R,R,0,0,3,0,0,
2025-08-12,68,Gavea,6,PREMIO MANUEL SILVA,"7,3,2",gbm_rank,"7,1,4",G,R,R,1,0,2,1,1,
2025-08-12,68,Gavea,6,PREMIO MANUEL SILVA,"7,3,2",gbm_reg,"1,3,4",R,G,R,1,0,2,1,1,
2025-08-12,68,Gavea,6,PREMIO MANUEL SILVA,"7,3,2",nn,"1,5,3",R,R,Y,0,1,2,1,0,
2025-08-12,68,Gavea,7,PREMIO DOMINGOS FERREIRA,"11,7,4",gbm_rank,"4,2,3",Y,R,R,0,1,2,1,0,
2025-08-12,68,Gavea,7,PREMIO DOMINGOS FERREIRA,"11,7,4",gbm_reg,"8,2,4",R,R,G,1,0,2,1,1,
2025-08-12,68,Gavea,7,PREMIO DOMINGOS FERREIRA,"11,7,4",nn,"6,2,7",R,R,Y,0,1,2,1,0,
2025-08-12,68,Gavea,8,PREMIO ALBENZIO BARROSO,"1,7,6",gbm_rank,"1,2,3",G,R,R,1,0,2,1,1,
2025-08-12,68,Gavea,8,PREMIO ALBENZIO BARROSO,"1,7,6",gbm_reg,"7,2,5",Y,R,R,0,1,2,1,0,
2025-08-12,68,Gavea,8,PREMIO ALBENZIO BARROSO,"1,7,6",nn,"6,1,3",Y,Y,R,0,2,1,2,0,
2025-08-12,68,Gavea,9,PREMIO ANTONIO BOLINO,"10,1,6",gbm_rank,"10,1,4",G,G,R,2,0,1,2,2,
2025-08-12,68,Gavea,9,PREMIO ANTONIO BOLINO,"10,1,6",gbm_reg,"7,1,4",R,G,R,1,0,2,1,1,
2025-08-12,68,Gavea,9,PREMIO ANTONIO BOLINO,"10,1,6",nn,"1,6,2",Y,Y,R,0,2,1,2,0,
2025-08-12,69,Northfield Park,1,RACE 1 - 1609M,"2,1,8",gbm_rank,"6,2,4",R,Y,R,0,1,2,1,0,
2025-08-12,69,Northfield Park,1,RACE 1 - 1609M,"2,1,8",gbm_reg,"5,4,6",R,R,R,0,0,3,0,0,
2025-08-12,69,Northfield Park,1,RACE 1 - 1609M,"2,1,8",nn,"1,2,3",Y,Y,R,0,2,1,2,0,
2025-08-12,69,Northfield Park,2,RACE 2 - 1609M,"1,5",gbm_rank,"6,7,1",R,R,Y,0,1,2,1,0,
2025-08-12,69,Northfield Park,2,RACE 2 - 1609M,"1,5",gbm_reg,"5,4,6",Y,Y,R,0,2,1,2,0,
2025-08-12,69,Northfield Park,2,RACE 2 - 1609M,"1,5",nn,"1,2,3",G,R,R,1,0,2,1,1,
2025-08-12,69,Northfield Park,3,RACE 3 - 1609M,"3,4,1",gbm_rank,"9,5,2",R,R,R,0,0,3,0,0,
2025-08-12,69,Northfield Park,3,RACE 3 - 1609M,"3,4,1",gbm_reg,"5,4,6",R,G,R,1,0,2,1,1,
2025-08-12,69,Northfield Park,3,RACE 3 - 1609M,"3,4,1",nn,"1,2,3",Y,R,Y,0,2,1,2,0,
2025-08-12,69,Northfield Park,4,RACE 4 - 1609M,"2,4,6",gbm_rank,"4,8,3",Y,R,R,0,1,2,1,0,
2025-08-12,69,Northfield Park,4,RACE 4 - 1609M,"2,4,6",gbm_reg,"5,4,6",R,G,G,2,0,1,2,2,
2025-08-12,69,Northfield Park,4,RACE 4 - 1609M,"2,4,6",nn,"1,2,3",R,Y,R,0,1,2,1,0,
2025-08-12,69,Northfield Park,5,RACE 5 - 1609M,"1,3,2",gbm_rank,"8,5,1",R,R,Y,0,1,2,1,0,
2025-08-12,69,Northfield Park,5,RACE 5 - 1609M,"1,3,2",gbm_reg,"5,4,6",R,R,R,0,0,3,0,0,
2025-08-12,69,Northfield Park,5,RACE 5 - 1609M,"1,3,2",nn,"1,2,3",G,Y,Y,1,2,0,3,1,
2025-08-12,69,Northfield Park,6,RACE 6 - 1609M,"1,3",gbm_rank,"4,1,2",Y,Y,R,0,2,1,2,0,
2025-08-12,69,Northfield Park,6,RACE 6 - 1609M,"1,3",gbm_reg,"5,4,6",R,Y,R,0,1,2,1,0,
2025-08-12,69,Northfield Park,6,RACE 6 - 1609M,"1,3",nn,"1,2,3",G,R,Y,1,1,1,2,1,
2025-08-12,69,Northfield Park,7,RACE 7 - 1609M,"4,1,6",gbm_rank,"6,7,5",Y,R,R,0,1,2,1,0,
2025-08-12,69,Northfield Park,7,RACE 7 - 1609M,"4,1,6",gbm_reg,"5,4,6",R,Y,G,1,1,1,2,1,
2025-08-12,69,Northfield Park,7,RACE 7 - 1609M,"4,1,6",nn,"1,2,3",Y,R,R,0,1,2,1,0,
2025-08-12,69,Northfield Park,8,RACE 8 - 1609M,"4,1,2",gbm_rank,"1,5,7",Y,R,R,0,1,2,1,0,
2025-08-12,69,Northfield Park,8,RACE 8 - 1609M,"4,1,2",gbm_reg,"4,5,6",G,R,R,1,0,2,1,1,
2025-08-12,69,Northfield Park,8,RACE 8 - 1609M,"4,1,2",nn,"1,2,3",Y,Y,R,0,2,1,2,0,
2025-08-12,69,Northfield Park,9,RACE 9 - 1609M,"9,3,4",gbm_rank,"3,7,5",Y,R,R,0,1,2,1,0,
2025-08-12,69,Northfield Park,9,RACE 9 - 1609M,"9,3,4",gbm_reg,"8,4,5",R,Y,R,0,1,2,1,0,
2025-08-12,69,Northfield Park,9,RACE 9 - 1609M,"9,3,4",nn,"1,2,3",R,R,Y,0,1,2,1,0,
2025-08-12,69,Northfield Park,10,RACE 10 - 1609M,"7,3,8",gbm_rank,"4,2,8",R,R,G,1,0,2,1,1,
2025-08-12,69,Northfield Park,10,RACE 10 - 1609M,"7,3,8",gbm_reg,"4,5,6",R,R,R,0,0,3,0,0,
2025-08-12,69,Northfield Park,10,RACE 10 - 1609M,"7,3,8",nn,"1,2,3",R,R,Y,0,1,2,1,0,
2025-08-12,69,Northfield Park,11,RACE 11 - 1609M,"3,1,2",gbm_rank,"2,1,8",Y,G,R,1,1,1,2,1,
2025-08-12,69,Northfield Park,11,RACE 11 - 1609M,"3,1,2",gbm_reg,"4,5,6",R,R,R,0,0,3,0,0,
2025-08-12,69,Northfield Park,11,RACE 11 - 1609M,"3,1,2",nn,"1,2,3",Y,Y,Y,0,3,0,3,0,
2025-08-12,69,Northfield Park,12,RACE 12 - 1609M,"1,3,9",gbm_rank,"1,4,7",G,R,R,1,0,2,1,1,
2025-08-12,69,Northfield Park,12,RACE 12 - 1609M,"1,3,9",gbm_reg,"4,5,6",R,R,R,0,0,3,0,0,
2025-08-12,69,Northfield Park,12,RACE 12 - 1609M,"1,3,9",nn,"1,2,3",G,R,Y,1,1,1,2,1,
